[2026-02-14T12:19:52.987+0000] {processor.py:186} INFO - Started process (PID=274) to work on /opt/airflow/dags/nyc_jobs_pipeline_dag.py
[2026-02-14T12:19:52.988+0000] {processor.py:914} INFO - Processing file /opt/airflow/dags/nyc_jobs_pipeline_dag.py for tasks to queue
[2026-02-14T12:19:52.990+0000] {logging_mixin.py:190} INFO - [2026-02-14T12:19:52.990+0000] {dagbag.py:588} INFO - Filling up the DagBag from /opt/airflow/dags/nyc_jobs_pipeline_dag.py
[2026-02-14T12:19:53.718+0000] {logging_mixin.py:190} INFO - [2026-02-14T12:19:53.718+0000] {font_manager.py:1639} INFO - generated new fontManager
[2026-02-14T12:19:54.133+0000] {processor.py:925} INFO - DAG(s) 'nyc_jobs_pipeline' retrieved from /opt/airflow/dags/nyc_jobs_pipeline_dag.py
[2026-02-14T12:19:54.416+0000] {logging_mixin.py:190} INFO - [2026-02-14T12:19:54.415+0000] {override.py:1911} INFO - Created Permission View: can read on DAG:nyc_jobs_pipeline
[2026-02-14T12:19:54.428+0000] {logging_mixin.py:190} INFO - [2026-02-14T12:19:54.428+0000] {override.py:1911} INFO - Created Permission View: can edit on DAG:nyc_jobs_pipeline
[2026-02-14T12:19:54.436+0000] {logging_mixin.py:190} INFO - [2026-02-14T12:19:54.436+0000] {override.py:1911} INFO - Created Permission View: can delete on DAG:nyc_jobs_pipeline
[2026-02-14T12:19:54.449+0000] {logging_mixin.py:190} INFO - [2026-02-14T12:19:54.449+0000] {override.py:1911} INFO - Created Permission View: can create on DAG Run:nyc_jobs_pipeline
[2026-02-14T12:19:54.460+0000] {logging_mixin.py:190} INFO - [2026-02-14T12:19:54.459+0000] {override.py:1911} INFO - Created Permission View: can read on DAG Run:nyc_jobs_pipeline
[2026-02-14T12:19:54.467+0000] {logging_mixin.py:190} INFO - [2026-02-14T12:19:54.467+0000] {override.py:1911} INFO - Created Permission View: menu access on DAG Run:nyc_jobs_pipeline
[2026-02-14T12:19:54.474+0000] {logging_mixin.py:190} INFO - [2026-02-14T12:19:54.474+0000] {override.py:1911} INFO - Created Permission View: can delete on DAG Run:nyc_jobs_pipeline
[2026-02-14T12:19:54.475+0000] {logging_mixin.py:190} INFO - [2026-02-14T12:19:54.475+0000] {dag.py:3239} INFO - Sync 1 DAGs
[2026-02-14T12:19:54.491+0000] {logging_mixin.py:190} INFO - [2026-02-14T12:19:54.490+0000] {dag.py:3262} INFO - Creating ORM DAG for nyc_jobs_pipeline
[2026-02-14T12:19:54.500+0000] {logging_mixin.py:190} INFO - [2026-02-14T12:19:54.500+0000] {dag.py:4180} INFO - Setting next_dagrun for nyc_jobs_pipeline to 2026-02-14 00:00:00+00:00, run_after=2026-02-15 00:00:00+00:00
[2026-02-14T12:19:54.528+0000] {processor.py:208} INFO - Processing /opt/airflow/dags/nyc_jobs_pipeline_dag.py took 1.547 seconds
[2026-02-14T12:20:24.832+0000] {processor.py:186} INFO - Started process (PID=287) to work on /opt/airflow/dags/nyc_jobs_pipeline_dag.py
[2026-02-14T12:20:24.834+0000] {processor.py:914} INFO - Processing file /opt/airflow/dags/nyc_jobs_pipeline_dag.py for tasks to queue
[2026-02-14T12:20:24.838+0000] {logging_mixin.py:190} INFO - [2026-02-14T12:20:24.838+0000] {dagbag.py:588} INFO - Filling up the DagBag from /opt/airflow/dags/nyc_jobs_pipeline_dag.py
[2026-02-14T12:20:25.650+0000] {processor.py:925} INFO - DAG(s) 'nyc_jobs_pipeline' retrieved from /opt/airflow/dags/nyc_jobs_pipeline_dag.py
[2026-02-14T12:20:25.675+0000] {logging_mixin.py:190} INFO - [2026-02-14T12:20:25.674+0000] {dag.py:3239} INFO - Sync 1 DAGs
[2026-02-14T12:20:25.695+0000] {logging_mixin.py:190} INFO - [2026-02-14T12:20:25.695+0000] {dag.py:4180} INFO - Setting next_dagrun for nyc_jobs_pipeline to 2026-02-14 00:00:00+00:00, run_after=2026-02-15 00:00:00+00:00
[2026-02-14T12:20:25.715+0000] {processor.py:208} INFO - Processing /opt/airflow/dags/nyc_jobs_pipeline_dag.py took 0.893 seconds
[2026-02-14T12:26:50.524+0000] {processor.py:186} INFO - Started process (PID=280) to work on /opt/airflow/dags/nyc_jobs_pipeline_dag.py
[2026-02-14T12:26:50.526+0000] {processor.py:914} INFO - Processing file /opt/airflow/dags/nyc_jobs_pipeline_dag.py for tasks to queue
[2026-02-14T12:26:50.528+0000] {logging_mixin.py:190} INFO - [2026-02-14T12:26:50.528+0000] {dagbag.py:588} INFO - Filling up the DagBag from /opt/airflow/dags/nyc_jobs_pipeline_dag.py
[2026-02-14T12:26:51.203+0000] {logging_mixin.py:190} INFO - [2026-02-14T12:26:51.203+0000] {font_manager.py:1639} INFO - generated new fontManager
[2026-02-14T12:26:51.601+0000] {processor.py:925} INFO - DAG(s) 'nyc_jobs_pipeline' retrieved from /opt/airflow/dags/nyc_jobs_pipeline_dag.py
[2026-02-14T12:26:51.648+0000] {logging_mixin.py:190} INFO - [2026-02-14T12:26:51.648+0000] {dag.py:3239} INFO - Sync 1 DAGs
[2026-02-14T12:26:51.676+0000] {logging_mixin.py:190} INFO - [2026-02-14T12:26:51.676+0000] {dag.py:4180} INFO - Setting next_dagrun for nyc_jobs_pipeline to 2026-02-14 00:00:00+00:00, run_after=2026-02-15 00:00:00+00:00
[2026-02-14T12:26:51.700+0000] {processor.py:208} INFO - Processing /opt/airflow/dags/nyc_jobs_pipeline_dag.py took 1.183 seconds
[2026-02-14T12:27:22.408+0000] {processor.py:186} INFO - Started process (PID=293) to work on /opt/airflow/dags/nyc_jobs_pipeline_dag.py
[2026-02-14T12:27:22.411+0000] {processor.py:914} INFO - Processing file /opt/airflow/dags/nyc_jobs_pipeline_dag.py for tasks to queue
[2026-02-14T12:27:22.416+0000] {logging_mixin.py:190} INFO - [2026-02-14T12:27:22.415+0000] {dagbag.py:588} INFO - Filling up the DagBag from /opt/airflow/dags/nyc_jobs_pipeline_dag.py
[2026-02-14T12:27:23.253+0000] {processor.py:925} INFO - DAG(s) 'nyc_jobs_pipeline' retrieved from /opt/airflow/dags/nyc_jobs_pipeline_dag.py
[2026-02-14T12:27:23.278+0000] {logging_mixin.py:190} INFO - [2026-02-14T12:27:23.277+0000] {dag.py:3239} INFO - Sync 1 DAGs
[2026-02-14T12:27:23.300+0000] {logging_mixin.py:190} INFO - [2026-02-14T12:27:23.300+0000] {dag.py:4180} INFO - Setting next_dagrun for nyc_jobs_pipeline to 2026-02-14 00:00:00+00:00, run_after=2026-02-15 00:00:00+00:00
[2026-02-14T12:27:23.320+0000] {processor.py:208} INFO - Processing /opt/airflow/dags/nyc_jobs_pipeline_dag.py took 0.919 seconds
[2026-02-14T12:27:54.215+0000] {processor.py:186} INFO - Started process (PID=304) to work on /opt/airflow/dags/nyc_jobs_pipeline_dag.py
[2026-02-14T12:27:54.217+0000] {processor.py:914} INFO - Processing file /opt/airflow/dags/nyc_jobs_pipeline_dag.py for tasks to queue
[2026-02-14T12:27:54.220+0000] {logging_mixin.py:190} INFO - [2026-02-14T12:27:54.220+0000] {dagbag.py:588} INFO - Filling up the DagBag from /opt/airflow/dags/nyc_jobs_pipeline_dag.py
[2026-02-14T12:27:54.967+0000] {processor.py:925} INFO - DAG(s) 'nyc_jobs_pipeline' retrieved from /opt/airflow/dags/nyc_jobs_pipeline_dag.py
[2026-02-14T12:27:54.992+0000] {logging_mixin.py:190} INFO - [2026-02-14T12:27:54.991+0000] {dag.py:3239} INFO - Sync 1 DAGs
[2026-02-14T12:27:55.013+0000] {logging_mixin.py:190} INFO - [2026-02-14T12:27:55.013+0000] {dag.py:4180} INFO - Setting next_dagrun for nyc_jobs_pipeline to 2026-02-14 00:00:00+00:00, run_after=2026-02-15 00:00:00+00:00
[2026-02-14T12:27:55.036+0000] {processor.py:208} INFO - Processing /opt/airflow/dags/nyc_jobs_pipeline_dag.py took 0.829 seconds
[2026-02-14T12:28:25.134+0000] {processor.py:186} INFO - Started process (PID=315) to work on /opt/airflow/dags/nyc_jobs_pipeline_dag.py
[2026-02-14T12:28:25.136+0000] {processor.py:914} INFO - Processing file /opt/airflow/dags/nyc_jobs_pipeline_dag.py for tasks to queue
[2026-02-14T12:28:25.138+0000] {logging_mixin.py:190} INFO - [2026-02-14T12:28:25.138+0000] {dagbag.py:588} INFO - Filling up the DagBag from /opt/airflow/dags/nyc_jobs_pipeline_dag.py
[2026-02-14T12:28:25.853+0000] {processor.py:925} INFO - DAG(s) 'nyc_jobs_pipeline' retrieved from /opt/airflow/dags/nyc_jobs_pipeline_dag.py
[2026-02-14T12:28:25.881+0000] {logging_mixin.py:190} INFO - [2026-02-14T12:28:25.879+0000] {dag.py:3239} INFO - Sync 1 DAGs
[2026-02-14T12:28:25.903+0000] {logging_mixin.py:190} INFO - [2026-02-14T12:28:25.903+0000] {dag.py:4180} INFO - Setting next_dagrun for nyc_jobs_pipeline to 2026-02-14 00:00:00+00:00, run_after=2026-02-15 00:00:00+00:00
[2026-02-14T12:28:25.926+0000] {processor.py:208} INFO - Processing /opt/airflow/dags/nyc_jobs_pipeline_dag.py took 0.798 seconds
[2026-02-14T12:28:56.245+0000] {processor.py:186} INFO - Started process (PID=326) to work on /opt/airflow/dags/nyc_jobs_pipeline_dag.py
[2026-02-14T12:28:56.247+0000] {processor.py:914} INFO - Processing file /opt/airflow/dags/nyc_jobs_pipeline_dag.py for tasks to queue
[2026-02-14T12:28:56.251+0000] {logging_mixin.py:190} INFO - [2026-02-14T12:28:56.250+0000] {dagbag.py:588} INFO - Filling up the DagBag from /opt/airflow/dags/nyc_jobs_pipeline_dag.py
[2026-02-14T12:28:57.061+0000] {processor.py:925} INFO - DAG(s) 'nyc_jobs_pipeline' retrieved from /opt/airflow/dags/nyc_jobs_pipeline_dag.py
[2026-02-14T12:28:57.089+0000] {logging_mixin.py:190} INFO - [2026-02-14T12:28:57.088+0000] {dag.py:3239} INFO - Sync 1 DAGs
[2026-02-14T12:28:57.109+0000] {logging_mixin.py:190} INFO - [2026-02-14T12:28:57.109+0000] {dag.py:4180} INFO - Setting next_dagrun for nyc_jobs_pipeline to 2026-02-14 00:00:00+00:00, run_after=2026-02-15 00:00:00+00:00
[2026-02-14T12:28:57.128+0000] {processor.py:208} INFO - Processing /opt/airflow/dags/nyc_jobs_pipeline_dag.py took 0.890 seconds
[2026-02-14T12:29:27.724+0000] {processor.py:186} INFO - Started process (PID=337) to work on /opt/airflow/dags/nyc_jobs_pipeline_dag.py
[2026-02-14T12:29:27.726+0000] {processor.py:914} INFO - Processing file /opt/airflow/dags/nyc_jobs_pipeline_dag.py for tasks to queue
[2026-02-14T12:29:27.732+0000] {logging_mixin.py:190} INFO - [2026-02-14T12:29:27.731+0000] {dagbag.py:588} INFO - Filling up the DagBag from /opt/airflow/dags/nyc_jobs_pipeline_dag.py
[2026-02-14T12:29:28.510+0000] {processor.py:925} INFO - DAG(s) 'nyc_jobs_pipeline' retrieved from /opt/airflow/dags/nyc_jobs_pipeline_dag.py
[2026-02-14T12:29:28.539+0000] {logging_mixin.py:190} INFO - [2026-02-14T12:29:28.539+0000] {dag.py:3239} INFO - Sync 1 DAGs
[2026-02-14T12:29:28.562+0000] {logging_mixin.py:190} INFO - [2026-02-14T12:29:28.562+0000] {dag.py:4180} INFO - Setting next_dagrun for nyc_jobs_pipeline to 2026-02-14 00:00:00+00:00, run_after=2026-02-15 00:00:00+00:00
[2026-02-14T12:29:28.586+0000] {processor.py:208} INFO - Processing /opt/airflow/dags/nyc_jobs_pipeline_dag.py took 0.869 seconds
[2026-02-14T12:29:58.916+0000] {processor.py:186} INFO - Started process (PID=348) to work on /opt/airflow/dags/nyc_jobs_pipeline_dag.py
[2026-02-14T12:29:58.918+0000] {processor.py:914} INFO - Processing file /opt/airflow/dags/nyc_jobs_pipeline_dag.py for tasks to queue
[2026-02-14T12:29:58.921+0000] {logging_mixin.py:190} INFO - [2026-02-14T12:29:58.920+0000] {dagbag.py:588} INFO - Filling up the DagBag from /opt/airflow/dags/nyc_jobs_pipeline_dag.py
[2026-02-14T12:29:59.598+0000] {processor.py:925} INFO - DAG(s) 'nyc_jobs_pipeline' retrieved from /opt/airflow/dags/nyc_jobs_pipeline_dag.py
[2026-02-14T12:29:59.629+0000] {logging_mixin.py:190} INFO - [2026-02-14T12:29:59.628+0000] {dag.py:3239} INFO - Sync 1 DAGs
[2026-02-14T12:29:59.650+0000] {logging_mixin.py:190} INFO - [2026-02-14T12:29:59.650+0000] {dag.py:4180} INFO - Setting next_dagrun for nyc_jobs_pipeline to 2026-02-14 00:00:00+00:00, run_after=2026-02-15 00:00:00+00:00
[2026-02-14T12:29:59.671+0000] {processor.py:208} INFO - Processing /opt/airflow/dags/nyc_jobs_pipeline_dag.py took 0.762 seconds
[2026-02-14T12:30:30.555+0000] {processor.py:186} INFO - Started process (PID=359) to work on /opt/airflow/dags/nyc_jobs_pipeline_dag.py
[2026-02-14T12:30:30.557+0000] {processor.py:914} INFO - Processing file /opt/airflow/dags/nyc_jobs_pipeline_dag.py for tasks to queue
[2026-02-14T12:30:30.560+0000] {logging_mixin.py:190} INFO - [2026-02-14T12:30:30.559+0000] {dagbag.py:588} INFO - Filling up the DagBag from /opt/airflow/dags/nyc_jobs_pipeline_dag.py
[2026-02-14T12:30:31.330+0000] {processor.py:925} INFO - DAG(s) 'nyc_jobs_pipeline' retrieved from /opt/airflow/dags/nyc_jobs_pipeline_dag.py
[2026-02-14T12:30:31.355+0000] {logging_mixin.py:190} INFO - [2026-02-14T12:30:31.354+0000] {dag.py:3239} INFO - Sync 1 DAGs
[2026-02-14T12:30:31.377+0000] {logging_mixin.py:190} INFO - [2026-02-14T12:30:31.376+0000] {dag.py:4180} INFO - Setting next_dagrun for nyc_jobs_pipeline to 2026-02-14 00:00:00+00:00, run_after=2026-02-15 00:00:00+00:00
[2026-02-14T12:30:31.397+0000] {processor.py:208} INFO - Processing /opt/airflow/dags/nyc_jobs_pipeline_dag.py took 0.851 seconds
[2026-02-14T12:31:01.634+0000] {processor.py:186} INFO - Started process (PID=370) to work on /opt/airflow/dags/nyc_jobs_pipeline_dag.py
[2026-02-14T12:31:01.635+0000] {processor.py:914} INFO - Processing file /opt/airflow/dags/nyc_jobs_pipeline_dag.py for tasks to queue
[2026-02-14T12:31:01.638+0000] {logging_mixin.py:190} INFO - [2026-02-14T12:31:01.638+0000] {dagbag.py:588} INFO - Filling up the DagBag from /opt/airflow/dags/nyc_jobs_pipeline_dag.py
[2026-02-14T12:31:02.392+0000] {processor.py:925} INFO - DAG(s) 'nyc_jobs_pipeline' retrieved from /opt/airflow/dags/nyc_jobs_pipeline_dag.py
[2026-02-14T12:31:02.418+0000] {logging_mixin.py:190} INFO - [2026-02-14T12:31:02.418+0000] {dag.py:3239} INFO - Sync 1 DAGs
[2026-02-14T12:31:02.440+0000] {logging_mixin.py:190} INFO - [2026-02-14T12:31:02.440+0000] {dag.py:4180} INFO - Setting next_dagrun for nyc_jobs_pipeline to 2026-02-14 00:00:00+00:00, run_after=2026-02-15 00:00:00+00:00
[2026-02-14T12:31:02.461+0000] {processor.py:208} INFO - Processing /opt/airflow/dags/nyc_jobs_pipeline_dag.py took 0.834 seconds
[2026-02-14T12:31:33.254+0000] {processor.py:186} INFO - Started process (PID=381) to work on /opt/airflow/dags/nyc_jobs_pipeline_dag.py
[2026-02-14T12:31:33.256+0000] {processor.py:914} INFO - Processing file /opt/airflow/dags/nyc_jobs_pipeline_dag.py for tasks to queue
[2026-02-14T12:31:33.259+0000] {logging_mixin.py:190} INFO - [2026-02-14T12:31:33.258+0000] {dagbag.py:588} INFO - Filling up the DagBag from /opt/airflow/dags/nyc_jobs_pipeline_dag.py
[2026-02-14T12:31:34.018+0000] {processor.py:925} INFO - DAG(s) 'nyc_jobs_pipeline' retrieved from /opt/airflow/dags/nyc_jobs_pipeline_dag.py
[2026-02-14T12:31:34.044+0000] {logging_mixin.py:190} INFO - [2026-02-14T12:31:34.044+0000] {dag.py:3239} INFO - Sync 1 DAGs
[2026-02-14T12:31:34.074+0000] {logging_mixin.py:190} INFO - [2026-02-14T12:31:34.074+0000] {dag.py:4180} INFO - Setting next_dagrun for nyc_jobs_pipeline to 2026-02-14 00:00:00+00:00, run_after=2026-02-15 00:00:00+00:00
[2026-02-14T12:31:34.104+0000] {processor.py:208} INFO - Processing /opt/airflow/dags/nyc_jobs_pipeline_dag.py took 0.856 seconds
[2026-02-14T12:32:04.305+0000] {processor.py:186} INFO - Started process (PID=392) to work on /opt/airflow/dags/nyc_jobs_pipeline_dag.py
[2026-02-14T12:32:04.306+0000] {processor.py:914} INFO - Processing file /opt/airflow/dags/nyc_jobs_pipeline_dag.py for tasks to queue
[2026-02-14T12:32:04.310+0000] {logging_mixin.py:190} INFO - [2026-02-14T12:32:04.309+0000] {dagbag.py:588} INFO - Filling up the DagBag from /opt/airflow/dags/nyc_jobs_pipeline_dag.py
[2026-02-14T12:32:05.095+0000] {processor.py:925} INFO - DAG(s) 'nyc_jobs_pipeline' retrieved from /opt/airflow/dags/nyc_jobs_pipeline_dag.py
[2026-02-14T12:32:05.120+0000] {logging_mixin.py:190} INFO - [2026-02-14T12:32:05.120+0000] {dag.py:3239} INFO - Sync 1 DAGs
[2026-02-14T12:32:05.144+0000] {logging_mixin.py:190} INFO - [2026-02-14T12:32:05.143+0000] {dag.py:4180} INFO - Setting next_dagrun for nyc_jobs_pipeline to 2026-02-14 00:00:00+00:00, run_after=2026-02-15 00:00:00+00:00
[2026-02-14T12:32:05.164+0000] {processor.py:208} INFO - Processing /opt/airflow/dags/nyc_jobs_pipeline_dag.py took 0.868 seconds
[2026-02-14T12:32:36.079+0000] {processor.py:186} INFO - Started process (PID=403) to work on /opt/airflow/dags/nyc_jobs_pipeline_dag.py
[2026-02-14T12:32:36.081+0000] {processor.py:914} INFO - Processing file /opt/airflow/dags/nyc_jobs_pipeline_dag.py for tasks to queue
[2026-02-14T12:32:36.085+0000] {logging_mixin.py:190} INFO - [2026-02-14T12:32:36.085+0000] {dagbag.py:588} INFO - Filling up the DagBag from /opt/airflow/dags/nyc_jobs_pipeline_dag.py
[2026-02-14T12:32:36.952+0000] {processor.py:925} INFO - DAG(s) 'nyc_jobs_pipeline' retrieved from /opt/airflow/dags/nyc_jobs_pipeline_dag.py
[2026-02-14T12:32:36.975+0000] {logging_mixin.py:190} INFO - [2026-02-14T12:32:36.975+0000] {dag.py:3239} INFO - Sync 1 DAGs
[2026-02-14T12:32:36.998+0000] {logging_mixin.py:190} INFO - [2026-02-14T12:32:36.997+0000] {dag.py:4180} INFO - Setting next_dagrun for nyc_jobs_pipeline to 2026-02-14 00:00:00+00:00, run_after=2026-02-15 00:00:00+00:00
[2026-02-14T12:32:37.017+0000] {processor.py:208} INFO - Processing /opt/airflow/dags/nyc_jobs_pipeline_dag.py took 0.947 seconds
[2026-02-14T12:33:08.022+0000] {processor.py:186} INFO - Started process (PID=414) to work on /opt/airflow/dags/nyc_jobs_pipeline_dag.py
[2026-02-14T12:33:08.023+0000] {processor.py:914} INFO - Processing file /opt/airflow/dags/nyc_jobs_pipeline_dag.py for tasks to queue
[2026-02-14T12:33:08.026+0000] {logging_mixin.py:190} INFO - [2026-02-14T12:33:08.026+0000] {dagbag.py:588} INFO - Filling up the DagBag from /opt/airflow/dags/nyc_jobs_pipeline_dag.py
[2026-02-14T12:33:08.718+0000] {processor.py:925} INFO - DAG(s) 'nyc_jobs_pipeline' retrieved from /opt/airflow/dags/nyc_jobs_pipeline_dag.py
[2026-02-14T12:33:08.744+0000] {logging_mixin.py:190} INFO - [2026-02-14T12:33:08.744+0000] {dag.py:3239} INFO - Sync 1 DAGs
[2026-02-14T12:33:08.764+0000] {logging_mixin.py:190} INFO - [2026-02-14T12:33:08.764+0000] {dag.py:4180} INFO - Setting next_dagrun for nyc_jobs_pipeline to 2026-02-14 00:00:00+00:00, run_after=2026-02-15 00:00:00+00:00
[2026-02-14T12:33:08.786+0000] {processor.py:208} INFO - Processing /opt/airflow/dags/nyc_jobs_pipeline_dag.py took 0.771 seconds
[2026-02-14T12:33:39.124+0000] {processor.py:186} INFO - Started process (PID=425) to work on /opt/airflow/dags/nyc_jobs_pipeline_dag.py
[2026-02-14T12:33:39.126+0000] {processor.py:914} INFO - Processing file /opt/airflow/dags/nyc_jobs_pipeline_dag.py for tasks to queue
[2026-02-14T12:33:39.130+0000] {logging_mixin.py:190} INFO - [2026-02-14T12:33:39.129+0000] {dagbag.py:588} INFO - Filling up the DagBag from /opt/airflow/dags/nyc_jobs_pipeline_dag.py
[2026-02-14T12:33:39.716+0000] {processor.py:925} INFO - DAG(s) 'nyc_jobs_pipeline' retrieved from /opt/airflow/dags/nyc_jobs_pipeline_dag.py
[2026-02-14T12:33:39.748+0000] {logging_mixin.py:190} INFO - [2026-02-14T12:33:39.747+0000] {dag.py:3239} INFO - Sync 1 DAGs
[2026-02-14T12:33:39.773+0000] {logging_mixin.py:190} INFO - [2026-02-14T12:33:39.773+0000] {dag.py:4180} INFO - Setting next_dagrun for nyc_jobs_pipeline to 2026-02-14 00:00:00+00:00, run_after=2026-02-15 00:00:00+00:00
[2026-02-14T12:33:39.799+0000] {processor.py:208} INFO - Processing /opt/airflow/dags/nyc_jobs_pipeline_dag.py took 0.683 seconds
[2026-02-14T12:34:10.692+0000] {processor.py:186} INFO - Started process (PID=450) to work on /opt/airflow/dags/nyc_jobs_pipeline_dag.py
[2026-02-14T12:34:10.694+0000] {processor.py:914} INFO - Processing file /opt/airflow/dags/nyc_jobs_pipeline_dag.py for tasks to queue
[2026-02-14T12:34:10.698+0000] {logging_mixin.py:190} INFO - [2026-02-14T12:34:10.697+0000] {dagbag.py:588} INFO - Filling up the DagBag from /opt/airflow/dags/nyc_jobs_pipeline_dag.py
[2026-02-14T12:34:11.307+0000] {processor.py:925} INFO - DAG(s) 'nyc_jobs_pipeline' retrieved from /opt/airflow/dags/nyc_jobs_pipeline_dag.py
[2026-02-14T12:34:11.339+0000] {logging_mixin.py:190} INFO - [2026-02-14T12:34:11.339+0000] {dag.py:3239} INFO - Sync 1 DAGs
[2026-02-14T12:34:11.368+0000] {logging_mixin.py:190} INFO - [2026-02-14T12:34:11.367+0000] {dag.py:4180} INFO - Setting next_dagrun for nyc_jobs_pipeline to 2026-02-14 00:00:00+00:00, run_after=2026-02-15 00:00:00+00:00
[2026-02-14T12:34:11.391+0000] {processor.py:208} INFO - Processing /opt/airflow/dags/nyc_jobs_pipeline_dag.py took 0.707 seconds
[2026-02-14T12:34:41.739+0000] {processor.py:186} INFO - Started process (PID=461) to work on /opt/airflow/dags/nyc_jobs_pipeline_dag.py
[2026-02-14T12:34:41.740+0000] {processor.py:914} INFO - Processing file /opt/airflow/dags/nyc_jobs_pipeline_dag.py for tasks to queue
[2026-02-14T12:34:41.744+0000] {logging_mixin.py:190} INFO - [2026-02-14T12:34:41.743+0000] {dagbag.py:588} INFO - Filling up the DagBag from /opt/airflow/dags/nyc_jobs_pipeline_dag.py
[2026-02-14T12:34:42.377+0000] {processor.py:925} INFO - DAG(s) 'nyc_jobs_pipeline' retrieved from /opt/airflow/dags/nyc_jobs_pipeline_dag.py
[2026-02-14T12:34:42.410+0000] {logging_mixin.py:190} INFO - [2026-02-14T12:34:42.410+0000] {dag.py:3239} INFO - Sync 1 DAGs
[2026-02-14T12:34:42.438+0000] {logging_mixin.py:190} INFO - [2026-02-14T12:34:42.438+0000] {dag.py:4180} INFO - Setting next_dagrun for nyc_jobs_pipeline to 2026-02-14 00:00:00+00:00, run_after=2026-02-15 00:00:00+00:00
[2026-02-14T12:34:42.463+0000] {processor.py:208} INFO - Processing /opt/airflow/dags/nyc_jobs_pipeline_dag.py took 0.732 seconds
[2026-02-14T12:35:13.436+0000] {processor.py:186} INFO - Started process (PID=486) to work on /opt/airflow/dags/nyc_jobs_pipeline_dag.py
[2026-02-14T12:35:13.439+0000] {processor.py:914} INFO - Processing file /opt/airflow/dags/nyc_jobs_pipeline_dag.py for tasks to queue
[2026-02-14T12:35:13.444+0000] {logging_mixin.py:190} INFO - [2026-02-14T12:35:13.443+0000] {dagbag.py:588} INFO - Filling up the DagBag from /opt/airflow/dags/nyc_jobs_pipeline_dag.py
[2026-02-14T12:35:14.068+0000] {processor.py:925} INFO - DAG(s) 'nyc_jobs_pipeline' retrieved from /opt/airflow/dags/nyc_jobs_pipeline_dag.py
[2026-02-14T12:35:14.104+0000] {logging_mixin.py:190} INFO - [2026-02-14T12:35:14.104+0000] {dag.py:3239} INFO - Sync 1 DAGs
[2026-02-14T12:35:14.133+0000] {logging_mixin.py:190} INFO - [2026-02-14T12:35:14.133+0000] {dag.py:4180} INFO - Setting next_dagrun for nyc_jobs_pipeline to 2026-02-14 00:00:00+00:00, run_after=2026-02-15 00:00:00+00:00
[2026-02-14T12:35:14.155+0000] {processor.py:208} INFO - Processing /opt/airflow/dags/nyc_jobs_pipeline_dag.py took 0.725 seconds
[2026-02-14T12:35:44.406+0000] {processor.py:186} INFO - Started process (PID=497) to work on /opt/airflow/dags/nyc_jobs_pipeline_dag.py
[2026-02-14T12:35:44.408+0000] {processor.py:914} INFO - Processing file /opt/airflow/dags/nyc_jobs_pipeline_dag.py for tasks to queue
[2026-02-14T12:35:44.411+0000] {logging_mixin.py:190} INFO - [2026-02-14T12:35:44.410+0000] {dagbag.py:588} INFO - Filling up the DagBag from /opt/airflow/dags/nyc_jobs_pipeline_dag.py
[2026-02-14T12:35:44.995+0000] {processor.py:925} INFO - DAG(s) 'nyc_jobs_pipeline' retrieved from /opt/airflow/dags/nyc_jobs_pipeline_dag.py
[2026-02-14T12:35:45.024+0000] {logging_mixin.py:190} INFO - [2026-02-14T12:35:45.024+0000] {dag.py:3239} INFO - Sync 1 DAGs
[2026-02-14T12:35:45.050+0000] {logging_mixin.py:190} INFO - [2026-02-14T12:35:45.050+0000] {dag.py:4180} INFO - Setting next_dagrun for nyc_jobs_pipeline to 2026-02-14 00:00:00+00:00, run_after=2026-02-15 00:00:00+00:00
[2026-02-14T12:35:45.078+0000] {processor.py:208} INFO - Processing /opt/airflow/dags/nyc_jobs_pipeline_dag.py took 0.681 seconds
[2026-02-14T12:36:16.048+0000] {processor.py:186} INFO - Started process (PID=508) to work on /opt/airflow/dags/nyc_jobs_pipeline_dag.py
[2026-02-14T12:36:16.050+0000] {processor.py:914} INFO - Processing file /opt/airflow/dags/nyc_jobs_pipeline_dag.py for tasks to queue
[2026-02-14T12:36:16.053+0000] {logging_mixin.py:190} INFO - [2026-02-14T12:36:16.052+0000] {dagbag.py:588} INFO - Filling up the DagBag from /opt/airflow/dags/nyc_jobs_pipeline_dag.py
[2026-02-14T12:36:16.623+0000] {processor.py:925} INFO - DAG(s) 'nyc_jobs_pipeline' retrieved from /opt/airflow/dags/nyc_jobs_pipeline_dag.py
[2026-02-14T12:36:16.652+0000] {logging_mixin.py:190} INFO - [2026-02-14T12:36:16.652+0000] {dag.py:3239} INFO - Sync 1 DAGs
[2026-02-14T12:36:16.679+0000] {logging_mixin.py:190} INFO - [2026-02-14T12:36:16.678+0000] {dag.py:4180} INFO - Setting next_dagrun for nyc_jobs_pipeline to 2026-02-14 00:00:00+00:00, run_after=2026-02-15 00:00:00+00:00
[2026-02-14T12:36:16.702+0000] {processor.py:208} INFO - Processing /opt/airflow/dags/nyc_jobs_pipeline_dag.py took 0.659 seconds
[2026-02-14T12:36:47.062+0000] {processor.py:186} INFO - Started process (PID=519) to work on /opt/airflow/dags/nyc_jobs_pipeline_dag.py
[2026-02-14T12:36:47.063+0000] {processor.py:914} INFO - Processing file /opt/airflow/dags/nyc_jobs_pipeline_dag.py for tasks to queue
[2026-02-14T12:36:47.069+0000] {logging_mixin.py:190} INFO - [2026-02-14T12:36:47.068+0000] {dagbag.py:588} INFO - Filling up the DagBag from /opt/airflow/dags/nyc_jobs_pipeline_dag.py
[2026-02-14T12:36:47.638+0000] {processor.py:925} INFO - DAG(s) 'nyc_jobs_pipeline' retrieved from /opt/airflow/dags/nyc_jobs_pipeline_dag.py
[2026-02-14T12:36:47.666+0000] {logging_mixin.py:190} INFO - [2026-02-14T12:36:47.665+0000] {dag.py:3239} INFO - Sync 1 DAGs
[2026-02-14T12:36:47.691+0000] {logging_mixin.py:190} INFO - [2026-02-14T12:36:47.691+0000] {dag.py:4180} INFO - Setting next_dagrun for nyc_jobs_pipeline to 2026-02-14 00:00:00+00:00, run_after=2026-02-15 00:00:00+00:00
[2026-02-14T12:36:47.714+0000] {processor.py:208} INFO - Processing /opt/airflow/dags/nyc_jobs_pipeline_dag.py took 0.662 seconds
[2026-02-14T12:37:18.714+0000] {processor.py:186} INFO - Started process (PID=530) to work on /opt/airflow/dags/nyc_jobs_pipeline_dag.py
[2026-02-14T12:37:18.716+0000] {processor.py:914} INFO - Processing file /opt/airflow/dags/nyc_jobs_pipeline_dag.py for tasks to queue
[2026-02-14T12:37:18.721+0000] {logging_mixin.py:190} INFO - [2026-02-14T12:37:18.720+0000] {dagbag.py:588} INFO - Filling up the DagBag from /opt/airflow/dags/nyc_jobs_pipeline_dag.py
[2026-02-14T12:37:19.416+0000] {processor.py:925} INFO - DAG(s) 'nyc_jobs_pipeline' retrieved from /opt/airflow/dags/nyc_jobs_pipeline_dag.py
[2026-02-14T12:37:19.448+0000] {logging_mixin.py:190} INFO - [2026-02-14T12:37:19.448+0000] {dag.py:3239} INFO - Sync 1 DAGs
[2026-02-14T12:37:19.474+0000] {logging_mixin.py:190} INFO - [2026-02-14T12:37:19.474+0000] {dag.py:4180} INFO - Setting next_dagrun for nyc_jobs_pipeline to 2026-02-14 00:00:00+00:00, run_after=2026-02-15 00:00:00+00:00
[2026-02-14T12:37:19.497+0000] {processor.py:208} INFO - Processing /opt/airflow/dags/nyc_jobs_pipeline_dag.py took 0.791 seconds
[2026-02-14T12:37:49.674+0000] {processor.py:186} INFO - Started process (PID=541) to work on /opt/airflow/dags/nyc_jobs_pipeline_dag.py
[2026-02-14T12:37:49.675+0000] {processor.py:914} INFO - Processing file /opt/airflow/dags/nyc_jobs_pipeline_dag.py for tasks to queue
[2026-02-14T12:37:49.677+0000] {logging_mixin.py:190} INFO - [2026-02-14T12:37:49.677+0000] {dagbag.py:588} INFO - Filling up the DagBag from /opt/airflow/dags/nyc_jobs_pipeline_dag.py
[2026-02-14T12:37:50.263+0000] {processor.py:925} INFO - DAG(s) 'nyc_jobs_pipeline' retrieved from /opt/airflow/dags/nyc_jobs_pipeline_dag.py
[2026-02-14T12:37:50.291+0000] {logging_mixin.py:190} INFO - [2026-02-14T12:37:50.290+0000] {dag.py:3239} INFO - Sync 1 DAGs
[2026-02-14T12:37:50.316+0000] {logging_mixin.py:190} INFO - [2026-02-14T12:37:50.316+0000] {dag.py:4180} INFO - Setting next_dagrun for nyc_jobs_pipeline to 2026-02-14 00:00:00+00:00, run_after=2026-02-15 00:00:00+00:00
[2026-02-14T12:37:50.339+0000] {processor.py:208} INFO - Processing /opt/airflow/dags/nyc_jobs_pipeline_dag.py took 0.673 seconds
[2026-02-14T12:38:20.635+0000] {processor.py:186} INFO - Started process (PID=551) to work on /opt/airflow/dags/nyc_jobs_pipeline_dag.py
[2026-02-14T12:38:20.637+0000] {processor.py:914} INFO - Processing file /opt/airflow/dags/nyc_jobs_pipeline_dag.py for tasks to queue
[2026-02-14T12:38:20.640+0000] {logging_mixin.py:190} INFO - [2026-02-14T12:38:20.640+0000] {dagbag.py:588} INFO - Filling up the DagBag from /opt/airflow/dags/nyc_jobs_pipeline_dag.py
[2026-02-14T12:38:21.242+0000] {processor.py:925} INFO - DAG(s) 'nyc_jobs_pipeline' retrieved from /opt/airflow/dags/nyc_jobs_pipeline_dag.py
[2026-02-14T12:38:21.272+0000] {logging_mixin.py:190} INFO - [2026-02-14T12:38:21.271+0000] {dag.py:3239} INFO - Sync 1 DAGs
[2026-02-14T12:38:21.297+0000] {logging_mixin.py:190} INFO - [2026-02-14T12:38:21.297+0000] {dag.py:4180} INFO - Setting next_dagrun for nyc_jobs_pipeline to 2026-02-14 00:00:00+00:00, run_after=2026-02-15 00:00:00+00:00
[2026-02-14T12:38:21.493+0000] {processor.py:208} INFO - Processing /opt/airflow/dags/nyc_jobs_pipeline_dag.py took 0.865 seconds
[2026-02-14T12:38:52.262+0000] {processor.py:186} INFO - Started process (PID=562) to work on /opt/airflow/dags/nyc_jobs_pipeline_dag.py
[2026-02-14T12:38:52.264+0000] {processor.py:914} INFO - Processing file /opt/airflow/dags/nyc_jobs_pipeline_dag.py for tasks to queue
[2026-02-14T12:38:52.267+0000] {logging_mixin.py:190} INFO - [2026-02-14T12:38:52.267+0000] {dagbag.py:588} INFO - Filling up the DagBag from /opt/airflow/dags/nyc_jobs_pipeline_dag.py
[2026-02-14T12:38:52.826+0000] {processor.py:925} INFO - DAG(s) 'nyc_jobs_pipeline' retrieved from /opt/airflow/dags/nyc_jobs_pipeline_dag.py
[2026-02-14T12:38:52.857+0000] {logging_mixin.py:190} INFO - [2026-02-14T12:38:52.857+0000] {dag.py:3239} INFO - Sync 1 DAGs
[2026-02-14T12:38:52.883+0000] {logging_mixin.py:190} INFO - [2026-02-14T12:38:52.882+0000] {dag.py:4180} INFO - Setting next_dagrun for nyc_jobs_pipeline to 2026-02-14 00:00:00+00:00, run_after=2026-02-15 00:00:00+00:00
[2026-02-14T12:38:52.908+0000] {processor.py:208} INFO - Processing /opt/airflow/dags/nyc_jobs_pipeline_dag.py took 0.653 seconds
[2026-02-14T12:39:22.988+0000] {processor.py:186} INFO - Started process (PID=590) to work on /opt/airflow/dags/nyc_jobs_pipeline_dag.py
[2026-02-14T12:39:22.990+0000] {processor.py:914} INFO - Processing file /opt/airflow/dags/nyc_jobs_pipeline_dag.py for tasks to queue
[2026-02-14T12:39:22.993+0000] {logging_mixin.py:190} INFO - [2026-02-14T12:39:22.993+0000] {dagbag.py:588} INFO - Filling up the DagBag from /opt/airflow/dags/nyc_jobs_pipeline_dag.py
[2026-02-14T12:39:23.676+0000] {processor.py:925} INFO - DAG(s) 'nyc_jobs_pipeline' retrieved from /opt/airflow/dags/nyc_jobs_pipeline_dag.py
[2026-02-14T12:39:23.719+0000] {logging_mixin.py:190} INFO - [2026-02-14T12:39:23.717+0000] {dag.py:3239} INFO - Sync 1 DAGs
[2026-02-14T12:39:23.758+0000] {logging_mixin.py:190} INFO - [2026-02-14T12:39:23.758+0000] {dag.py:4180} INFO - Setting next_dagrun for nyc_jobs_pipeline to 2026-02-14 00:00:00+00:00, run_after=2026-02-15 00:00:00+00:00
[2026-02-14T12:39:23.788+0000] {processor.py:208} INFO - Processing /opt/airflow/dags/nyc_jobs_pipeline_dag.py took 0.806 seconds
[2026-02-14T12:39:54.475+0000] {processor.py:186} INFO - Started process (PID=601) to work on /opt/airflow/dags/nyc_jobs_pipeline_dag.py
[2026-02-14T12:39:54.477+0000] {processor.py:914} INFO - Processing file /opt/airflow/dags/nyc_jobs_pipeline_dag.py for tasks to queue
[2026-02-14T12:39:54.482+0000] {logging_mixin.py:190} INFO - [2026-02-14T12:39:54.481+0000] {dagbag.py:588} INFO - Filling up the DagBag from /opt/airflow/dags/nyc_jobs_pipeline_dag.py
[2026-02-14T12:39:55.106+0000] {processor.py:925} INFO - DAG(s) 'nyc_jobs_pipeline' retrieved from /opt/airflow/dags/nyc_jobs_pipeline_dag.py
[2026-02-14T12:39:55.135+0000] {logging_mixin.py:190} INFO - [2026-02-14T12:39:55.134+0000] {dag.py:3239} INFO - Sync 1 DAGs
[2026-02-14T12:39:55.158+0000] {logging_mixin.py:190} INFO - [2026-02-14T12:39:55.158+0000] {dag.py:4180} INFO - Setting next_dagrun for nyc_jobs_pipeline to 2026-02-14 00:00:00+00:00, run_after=2026-02-15 00:00:00+00:00
[2026-02-14T12:39:55.181+0000] {processor.py:208} INFO - Processing /opt/airflow/dags/nyc_jobs_pipeline_dag.py took 0.714 seconds
[2026-02-14T12:40:25.806+0000] {processor.py:186} INFO - Started process (PID=629) to work on /opt/airflow/dags/nyc_jobs_pipeline_dag.py
[2026-02-14T12:40:25.808+0000] {processor.py:914} INFO - Processing file /opt/airflow/dags/nyc_jobs_pipeline_dag.py for tasks to queue
[2026-02-14T12:40:25.811+0000] {logging_mixin.py:190} INFO - [2026-02-14T12:40:25.811+0000] {dagbag.py:588} INFO - Filling up the DagBag from /opt/airflow/dags/nyc_jobs_pipeline_dag.py
[2026-02-14T12:40:26.571+0000] {processor.py:925} INFO - DAG(s) 'nyc_jobs_pipeline' retrieved from /opt/airflow/dags/nyc_jobs_pipeline_dag.py
[2026-02-14T12:40:26.618+0000] {logging_mixin.py:190} INFO - [2026-02-14T12:40:26.618+0000] {dag.py:3239} INFO - Sync 1 DAGs
[2026-02-14T12:40:26.658+0000] {logging_mixin.py:190} INFO - [2026-02-14T12:40:26.658+0000] {dag.py:4180} INFO - Setting next_dagrun for nyc_jobs_pipeline to 2026-02-14 00:00:00+00:00, run_after=2026-02-15 00:00:00+00:00
[2026-02-14T12:40:26.950+0000] {processor.py:208} INFO - Processing /opt/airflow/dags/nyc_jobs_pipeline_dag.py took 1.151 seconds
[2026-02-14T12:40:57.798+0000] {processor.py:186} INFO - Started process (PID=640) to work on /opt/airflow/dags/nyc_jobs_pipeline_dag.py
[2026-02-14T12:40:57.799+0000] {processor.py:914} INFO - Processing file /opt/airflow/dags/nyc_jobs_pipeline_dag.py for tasks to queue
[2026-02-14T12:40:57.803+0000] {logging_mixin.py:190} INFO - [2026-02-14T12:40:57.802+0000] {dagbag.py:588} INFO - Filling up the DagBag from /opt/airflow/dags/nyc_jobs_pipeline_dag.py
[2026-02-14T12:40:58.434+0000] {processor.py:925} INFO - DAG(s) 'nyc_jobs_pipeline' retrieved from /opt/airflow/dags/nyc_jobs_pipeline_dag.py
[2026-02-14T12:40:58.464+0000] {logging_mixin.py:190} INFO - [2026-02-14T12:40:58.463+0000] {dag.py:3239} INFO - Sync 1 DAGs
[2026-02-14T12:40:58.654+0000] {logging_mixin.py:190} INFO - [2026-02-14T12:40:58.654+0000] {dag.py:4180} INFO - Setting next_dagrun for nyc_jobs_pipeline to 2026-02-14 00:00:00+00:00, run_after=2026-02-15 00:00:00+00:00
[2026-02-14T12:40:58.676+0000] {processor.py:208} INFO - Processing /opt/airflow/dags/nyc_jobs_pipeline_dag.py took 0.884 seconds
[2026-02-14T12:41:28.748+0000] {processor.py:186} INFO - Started process (PID=651) to work on /opt/airflow/dags/nyc_jobs_pipeline_dag.py
[2026-02-14T12:41:28.749+0000] {processor.py:914} INFO - Processing file /opt/airflow/dags/nyc_jobs_pipeline_dag.py for tasks to queue
[2026-02-14T12:41:28.752+0000] {logging_mixin.py:190} INFO - [2026-02-14T12:41:28.752+0000] {dagbag.py:588} INFO - Filling up the DagBag from /opt/airflow/dags/nyc_jobs_pipeline_dag.py
[2026-02-14T12:41:29.341+0000] {processor.py:925} INFO - DAG(s) 'nyc_jobs_pipeline' retrieved from /opt/airflow/dags/nyc_jobs_pipeline_dag.py
[2026-02-14T12:41:29.372+0000] {logging_mixin.py:190} INFO - [2026-02-14T12:41:29.372+0000] {dag.py:3239} INFO - Sync 1 DAGs
[2026-02-14T12:41:29.398+0000] {logging_mixin.py:190} INFO - [2026-02-14T12:41:29.397+0000] {dag.py:4180} INFO - Setting next_dagrun for nyc_jobs_pipeline to 2026-02-14 00:00:00+00:00, run_after=2026-02-15 00:00:00+00:00
[2026-02-14T12:41:29.423+0000] {processor.py:208} INFO - Processing /opt/airflow/dags/nyc_jobs_pipeline_dag.py took 0.681 seconds
[2026-02-14T12:41:59.988+0000] {processor.py:186} INFO - Started process (PID=663) to work on /opt/airflow/dags/nyc_jobs_pipeline_dag.py
[2026-02-14T12:41:59.990+0000] {processor.py:914} INFO - Processing file /opt/airflow/dags/nyc_jobs_pipeline_dag.py for tasks to queue
[2026-02-14T12:41:59.994+0000] {logging_mixin.py:190} INFO - [2026-02-14T12:41:59.993+0000] {dagbag.py:588} INFO - Filling up the DagBag from /opt/airflow/dags/nyc_jobs_pipeline_dag.py
[2026-02-14T12:42:00.632+0000] {processor.py:925} INFO - DAG(s) 'nyc_jobs_pipeline' retrieved from /opt/airflow/dags/nyc_jobs_pipeline_dag.py
[2026-02-14T12:42:00.661+0000] {logging_mixin.py:190} INFO - [2026-02-14T12:42:00.660+0000] {dag.py:3239} INFO - Sync 1 DAGs
[2026-02-14T12:42:00.686+0000] {logging_mixin.py:190} INFO - [2026-02-14T12:42:00.686+0000] {dag.py:4180} INFO - Setting next_dagrun for nyc_jobs_pipeline to 2026-02-14 00:00:00+00:00, run_after=2026-02-15 00:00:00+00:00
[2026-02-14T12:42:00.711+0000] {processor.py:208} INFO - Processing /opt/airflow/dags/nyc_jobs_pipeline_dag.py took 0.732 seconds
[2026-02-14T12:42:31.357+0000] {processor.py:186} INFO - Started process (PID=674) to work on /opt/airflow/dags/nyc_jobs_pipeline_dag.py
[2026-02-14T12:42:31.358+0000] {processor.py:914} INFO - Processing file /opt/airflow/dags/nyc_jobs_pipeline_dag.py for tasks to queue
[2026-02-14T12:42:31.361+0000] {logging_mixin.py:190} INFO - [2026-02-14T12:42:31.361+0000] {dagbag.py:588} INFO - Filling up the DagBag from /opt/airflow/dags/nyc_jobs_pipeline_dag.py
[2026-02-14T12:42:31.979+0000] {processor.py:925} INFO - DAG(s) 'nyc_jobs_pipeline' retrieved from /opt/airflow/dags/nyc_jobs_pipeline_dag.py
[2026-02-14T12:42:32.011+0000] {logging_mixin.py:190} INFO - [2026-02-14T12:42:32.011+0000] {dag.py:3239} INFO - Sync 1 DAGs
[2026-02-14T12:42:32.038+0000] {logging_mixin.py:190} INFO - [2026-02-14T12:42:32.038+0000] {dag.py:4180} INFO - Setting next_dagrun for nyc_jobs_pipeline to 2026-02-14 00:00:00+00:00, run_after=2026-02-15 00:00:00+00:00
[2026-02-14T12:42:32.498+0000] {processor.py:208} INFO - Processing /opt/airflow/dags/nyc_jobs_pipeline_dag.py took 0.881 seconds
[2026-02-14T12:43:02.662+0000] {processor.py:186} INFO - Started process (PID=685) to work on /opt/airflow/dags/nyc_jobs_pipeline_dag.py
[2026-02-14T12:43:02.664+0000] {processor.py:914} INFO - Processing file /opt/airflow/dags/nyc_jobs_pipeline_dag.py for tasks to queue
[2026-02-14T12:43:02.667+0000] {logging_mixin.py:190} INFO - [2026-02-14T12:43:02.667+0000] {dagbag.py:588} INFO - Filling up the DagBag from /opt/airflow/dags/nyc_jobs_pipeline_dag.py
[2026-02-14T12:43:04.082+0000] {processor.py:925} INFO - DAG(s) 'nyc_jobs_pipeline' retrieved from /opt/airflow/dags/nyc_jobs_pipeline_dag.py
[2026-02-14T12:43:04.118+0000] {logging_mixin.py:190} INFO - [2026-02-14T12:43:04.117+0000] {dag.py:3239} INFO - Sync 1 DAGs
[2026-02-14T12:43:04.338+0000] {logging_mixin.py:190} INFO - [2026-02-14T12:43:04.337+0000] {dag.py:4180} INFO - Setting next_dagrun for nyc_jobs_pipeline to 2026-02-14 00:00:00+00:00, run_after=2026-02-15 00:00:00+00:00
[2026-02-14T12:43:04.369+0000] {processor.py:208} INFO - Processing /opt/airflow/dags/nyc_jobs_pipeline_dag.py took 0.997 seconds
[2026-02-14T12:43:35.386+0000] {processor.py:186} INFO - Started process (PID=702) to work on /opt/airflow/dags/nyc_jobs_pipeline_dag.py
[2026-02-14T12:43:35.388+0000] {processor.py:914} INFO - Processing file /opt/airflow/dags/nyc_jobs_pipeline_dag.py for tasks to queue
[2026-02-14T12:43:35.391+0000] {logging_mixin.py:190} INFO - [2026-02-14T12:43:35.391+0000] {dagbag.py:588} INFO - Filling up the DagBag from /opt/airflow/dags/nyc_jobs_pipeline_dag.py
[2026-02-14T12:43:35.995+0000] {processor.py:925} INFO - DAG(s) 'nyc_jobs_pipeline' retrieved from /opt/airflow/dags/nyc_jobs_pipeline_dag.py
[2026-02-14T12:43:36.183+0000] {logging_mixin.py:190} INFO - [2026-02-14T12:43:36.183+0000] {dag.py:3239} INFO - Sync 1 DAGs
[2026-02-14T12:43:36.204+0000] {logging_mixin.py:190} INFO - [2026-02-14T12:43:36.203+0000] {dag.py:4180} INFO - Setting next_dagrun for nyc_jobs_pipeline to 2026-02-14 00:00:00+00:00, run_after=2026-02-15 00:00:00+00:00
[2026-02-14T12:43:36.224+0000] {processor.py:208} INFO - Processing /opt/airflow/dags/nyc_jobs_pipeline_dag.py took 0.845 seconds
[2026-02-14T12:44:06.393+0000] {processor.py:186} INFO - Started process (PID=713) to work on /opt/airflow/dags/nyc_jobs_pipeline_dag.py
[2026-02-14T12:44:06.395+0000] {processor.py:914} INFO - Processing file /opt/airflow/dags/nyc_jobs_pipeline_dag.py for tasks to queue
[2026-02-14T12:44:06.398+0000] {logging_mixin.py:190} INFO - [2026-02-14T12:44:06.397+0000] {dagbag.py:588} INFO - Filling up the DagBag from /opt/airflow/dags/nyc_jobs_pipeline_dag.py
[2026-02-14T12:44:07.170+0000] {processor.py:925} INFO - DAG(s) 'nyc_jobs_pipeline' retrieved from /opt/airflow/dags/nyc_jobs_pipeline_dag.py
[2026-02-14T12:44:07.198+0000] {logging_mixin.py:190} INFO - [2026-02-14T12:44:07.197+0000] {dag.py:3239} INFO - Sync 1 DAGs
[2026-02-14T12:44:07.219+0000] {logging_mixin.py:190} INFO - [2026-02-14T12:44:07.219+0000] {dag.py:4180} INFO - Setting next_dagrun for nyc_jobs_pipeline to 2026-02-14 00:00:00+00:00, run_after=2026-02-15 00:00:00+00:00
[2026-02-14T12:44:07.242+0000] {processor.py:208} INFO - Processing /opt/airflow/dags/nyc_jobs_pipeline_dag.py took 0.856 seconds
[2026-02-14T12:44:38.243+0000] {processor.py:186} INFO - Started process (PID=724) to work on /opt/airflow/dags/nyc_jobs_pipeline_dag.py
[2026-02-14T12:44:38.245+0000] {processor.py:914} INFO - Processing file /opt/airflow/dags/nyc_jobs_pipeline_dag.py for tasks to queue
[2026-02-14T12:44:38.248+0000] {logging_mixin.py:190} INFO - [2026-02-14T12:44:38.248+0000] {dagbag.py:588} INFO - Filling up the DagBag from /opt/airflow/dags/nyc_jobs_pipeline_dag.py
[2026-02-14T12:44:38.922+0000] {processor.py:925} INFO - DAG(s) 'nyc_jobs_pipeline' retrieved from /opt/airflow/dags/nyc_jobs_pipeline_dag.py
[2026-02-14T12:44:38.950+0000] {logging_mixin.py:190} INFO - [2026-02-14T12:44:38.950+0000] {dag.py:3239} INFO - Sync 1 DAGs
[2026-02-14T12:44:38.975+0000] {logging_mixin.py:190} INFO - [2026-02-14T12:44:38.974+0000] {dag.py:4180} INFO - Setting next_dagrun for nyc_jobs_pipeline to 2026-02-14 00:00:00+00:00, run_after=2026-02-15 00:00:00+00:00
[2026-02-14T12:44:39.155+0000] {processor.py:208} INFO - Processing /opt/airflow/dags/nyc_jobs_pipeline_dag.py took 0.920 seconds
[2026-02-14T12:45:09.225+0000] {processor.py:186} INFO - Started process (PID=735) to work on /opt/airflow/dags/nyc_jobs_pipeline_dag.py
[2026-02-14T12:45:09.226+0000] {processor.py:914} INFO - Processing file /opt/airflow/dags/nyc_jobs_pipeline_dag.py for tasks to queue
[2026-02-14T12:45:09.229+0000] {logging_mixin.py:190} INFO - [2026-02-14T12:45:09.229+0000] {dagbag.py:588} INFO - Filling up the DagBag from /opt/airflow/dags/nyc_jobs_pipeline_dag.py
[2026-02-14T12:45:09.740+0000] {processor.py:925} INFO - DAG(s) 'nyc_jobs_pipeline' retrieved from /opt/airflow/dags/nyc_jobs_pipeline_dag.py
[2026-02-14T12:45:09.766+0000] {logging_mixin.py:190} INFO - [2026-02-14T12:45:09.765+0000] {dag.py:3239} INFO - Sync 1 DAGs
[2026-02-14T12:45:09.912+0000] {logging_mixin.py:190} INFO - [2026-02-14T12:45:09.912+0000] {dag.py:4180} INFO - Setting next_dagrun for nyc_jobs_pipeline to 2026-02-14 00:00:00+00:00, run_after=2026-02-15 00:00:00+00:00
[2026-02-14T12:45:09.932+0000] {processor.py:208} INFO - Processing /opt/airflow/dags/nyc_jobs_pipeline_dag.py took 0.712 seconds
[2026-02-14T12:45:40.077+0000] {processor.py:186} INFO - Started process (PID=746) to work on /opt/airflow/dags/nyc_jobs_pipeline_dag.py
[2026-02-14T12:45:40.079+0000] {processor.py:914} INFO - Processing file /opt/airflow/dags/nyc_jobs_pipeline_dag.py for tasks to queue
[2026-02-14T12:45:40.081+0000] {logging_mixin.py:190} INFO - [2026-02-14T12:45:40.081+0000] {dagbag.py:588} INFO - Filling up the DagBag from /opt/airflow/dags/nyc_jobs_pipeline_dag.py
[2026-02-14T12:45:40.514+0000] {processor.py:925} INFO - DAG(s) 'nyc_jobs_pipeline' retrieved from /opt/airflow/dags/nyc_jobs_pipeline_dag.py
[2026-02-14T12:45:40.538+0000] {logging_mixin.py:190} INFO - [2026-02-14T12:45:40.538+0000] {dag.py:3239} INFO - Sync 1 DAGs
[2026-02-14T12:45:40.681+0000] {logging_mixin.py:190} INFO - [2026-02-14T12:45:40.680+0000] {dag.py:4180} INFO - Setting next_dagrun for nyc_jobs_pipeline to 2026-02-14 00:00:00+00:00, run_after=2026-02-15 00:00:00+00:00
[2026-02-14T12:45:40.696+0000] {processor.py:208} INFO - Processing /opt/airflow/dags/nyc_jobs_pipeline_dag.py took 0.625 seconds
[2026-02-14T12:46:11.307+0000] {processor.py:186} INFO - Started process (PID=757) to work on /opt/airflow/dags/nyc_jobs_pipeline_dag.py
[2026-02-14T12:46:11.308+0000] {processor.py:914} INFO - Processing file /opt/airflow/dags/nyc_jobs_pipeline_dag.py for tasks to queue
[2026-02-14T12:46:11.311+0000] {logging_mixin.py:190} INFO - [2026-02-14T12:46:11.310+0000] {dagbag.py:588} INFO - Filling up the DagBag from /opt/airflow/dags/nyc_jobs_pipeline_dag.py
[2026-02-14T12:46:11.846+0000] {processor.py:925} INFO - DAG(s) 'nyc_jobs_pipeline' retrieved from /opt/airflow/dags/nyc_jobs_pipeline_dag.py
[2026-02-14T12:46:11.997+0000] {logging_mixin.py:190} INFO - [2026-02-14T12:46:11.997+0000] {dag.py:3239} INFO - Sync 1 DAGs
[2026-02-14T12:46:12.015+0000] {logging_mixin.py:190} INFO - [2026-02-14T12:46:12.015+0000] {dag.py:4180} INFO - Setting next_dagrun for nyc_jobs_pipeline to 2026-02-14 00:00:00+00:00, run_after=2026-02-15 00:00:00+00:00
[2026-02-14T12:46:12.038+0000] {processor.py:208} INFO - Processing /opt/airflow/dags/nyc_jobs_pipeline_dag.py took 0.736 seconds
[2026-02-14T12:46:42.134+0000] {processor.py:186} INFO - Started process (PID=768) to work on /opt/airflow/dags/nyc_jobs_pipeline_dag.py
[2026-02-14T12:46:42.136+0000] {processor.py:914} INFO - Processing file /opt/airflow/dags/nyc_jobs_pipeline_dag.py for tasks to queue
[2026-02-14T12:46:42.144+0000] {logging_mixin.py:190} INFO - [2026-02-14T12:46:42.144+0000] {dagbag.py:588} INFO - Filling up the DagBag from /opt/airflow/dags/nyc_jobs_pipeline_dag.py
[2026-02-14T12:46:42.838+0000] {processor.py:925} INFO - DAG(s) 'nyc_jobs_pipeline' retrieved from /opt/airflow/dags/nyc_jobs_pipeline_dag.py
[2026-02-14T12:46:42.864+0000] {logging_mixin.py:190} INFO - [2026-02-14T12:46:42.864+0000] {dag.py:3239} INFO - Sync 1 DAGs
[2026-02-14T12:46:42.882+0000] {logging_mixin.py:190} INFO - [2026-02-14T12:46:42.882+0000] {dag.py:4180} INFO - Setting next_dagrun for nyc_jobs_pipeline to 2026-02-14 00:00:00+00:00, run_after=2026-02-15 00:00:00+00:00
[2026-02-14T12:46:42.903+0000] {processor.py:208} INFO - Processing /opt/airflow/dags/nyc_jobs_pipeline_dag.py took 0.775 seconds
[2026-02-14T12:47:12.951+0000] {processor.py:186} INFO - Started process (PID=779) to work on /opt/airflow/dags/nyc_jobs_pipeline_dag.py
[2026-02-14T12:47:12.953+0000] {processor.py:914} INFO - Processing file /opt/airflow/dags/nyc_jobs_pipeline_dag.py for tasks to queue
[2026-02-14T12:47:12.955+0000] {logging_mixin.py:190} INFO - [2026-02-14T12:47:12.954+0000] {dagbag.py:588} INFO - Filling up the DagBag from /opt/airflow/dags/nyc_jobs_pipeline_dag.py
[2026-02-14T12:47:13.371+0000] {processor.py:925} INFO - DAG(s) 'nyc_jobs_pipeline' retrieved from /opt/airflow/dags/nyc_jobs_pipeline_dag.py
[2026-02-14T12:47:13.409+0000] {logging_mixin.py:190} INFO - [2026-02-14T12:47:13.408+0000] {dag.py:3239} INFO - Sync 1 DAGs
[2026-02-14T12:47:13.584+0000] {logging_mixin.py:190} INFO - [2026-02-14T12:47:13.584+0000] {dag.py:4180} INFO - Setting next_dagrun for nyc_jobs_pipeline to 2026-02-14 00:00:00+00:00, run_after=2026-02-15 00:00:00+00:00
[2026-02-14T12:47:13.606+0000] {processor.py:208} INFO - Processing /opt/airflow/dags/nyc_jobs_pipeline_dag.py took 0.661 seconds
[2026-02-14T12:47:43.720+0000] {processor.py:186} INFO - Started process (PID=790) to work on /opt/airflow/dags/nyc_jobs_pipeline_dag.py
[2026-02-14T12:47:43.721+0000] {processor.py:914} INFO - Processing file /opt/airflow/dags/nyc_jobs_pipeline_dag.py for tasks to queue
[2026-02-14T12:47:43.723+0000] {logging_mixin.py:190} INFO - [2026-02-14T12:47:43.723+0000] {dagbag.py:588} INFO - Filling up the DagBag from /opt/airflow/dags/nyc_jobs_pipeline_dag.py
[2026-02-14T12:47:44.271+0000] {processor.py:925} INFO - DAG(s) 'nyc_jobs_pipeline' retrieved from /opt/airflow/dags/nyc_jobs_pipeline_dag.py
[2026-02-14T12:47:44.295+0000] {logging_mixin.py:190} INFO - [2026-02-14T12:47:44.294+0000] {dag.py:3239} INFO - Sync 1 DAGs
[2026-02-14T12:47:44.462+0000] {logging_mixin.py:190} INFO - [2026-02-14T12:47:44.461+0000] {dag.py:4180} INFO - Setting next_dagrun for nyc_jobs_pipeline to 2026-02-14 00:00:00+00:00, run_after=2026-02-15 00:00:00+00:00
[2026-02-14T12:47:44.488+0000] {processor.py:208} INFO - Processing /opt/airflow/dags/nyc_jobs_pipeline_dag.py took 0.773 seconds
[2026-02-14T12:48:14.614+0000] {processor.py:186} INFO - Started process (PID=801) to work on /opt/airflow/dags/nyc_jobs_pipeline_dag.py
[2026-02-14T12:48:14.616+0000] {processor.py:914} INFO - Processing file /opt/airflow/dags/nyc_jobs_pipeline_dag.py for tasks to queue
[2026-02-14T12:48:14.618+0000] {logging_mixin.py:190} INFO - [2026-02-14T12:48:14.618+0000] {dagbag.py:588} INFO - Filling up the DagBag from /opt/airflow/dags/nyc_jobs_pipeline_dag.py
[2026-02-14T12:48:15.055+0000] {processor.py:925} INFO - DAG(s) 'nyc_jobs_pipeline' retrieved from /opt/airflow/dags/nyc_jobs_pipeline_dag.py
[2026-02-14T12:48:15.200+0000] {logging_mixin.py:190} INFO - [2026-02-14T12:48:15.200+0000] {dag.py:3239} INFO - Sync 1 DAGs
[2026-02-14T12:48:15.217+0000] {logging_mixin.py:190} INFO - [2026-02-14T12:48:15.217+0000] {dag.py:4180} INFO - Setting next_dagrun for nyc_jobs_pipeline to 2026-02-14 00:00:00+00:00, run_after=2026-02-15 00:00:00+00:00
[2026-02-14T12:48:15.236+0000] {processor.py:208} INFO - Processing /opt/airflow/dags/nyc_jobs_pipeline_dag.py took 0.627 seconds
[2026-02-14T12:48:46.160+0000] {processor.py:186} INFO - Started process (PID=812) to work on /opt/airflow/dags/nyc_jobs_pipeline_dag.py
[2026-02-14T12:48:46.162+0000] {processor.py:914} INFO - Processing file /opt/airflow/dags/nyc_jobs_pipeline_dag.py for tasks to queue
[2026-02-14T12:48:46.164+0000] {logging_mixin.py:190} INFO - [2026-02-14T12:48:46.164+0000] {dagbag.py:588} INFO - Filling up the DagBag from /opt/airflow/dags/nyc_jobs_pipeline_dag.py
[2026-02-14T12:48:46.989+0000] {processor.py:925} INFO - DAG(s) 'nyc_jobs_pipeline' retrieved from /opt/airflow/dags/nyc_jobs_pipeline_dag.py
[2026-02-14T12:48:47.013+0000] {logging_mixin.py:190} INFO - [2026-02-14T12:48:47.013+0000] {dag.py:3239} INFO - Sync 1 DAGs
[2026-02-14T12:48:47.032+0000] {logging_mixin.py:190} INFO - [2026-02-14T12:48:47.032+0000] {dag.py:4180} INFO - Setting next_dagrun for nyc_jobs_pipeline to 2026-02-14 00:00:00+00:00, run_after=2026-02-15 00:00:00+00:00
[2026-02-14T12:48:47.053+0000] {processor.py:208} INFO - Processing /opt/airflow/dags/nyc_jobs_pipeline_dag.py took 0.899 seconds
[2026-02-14T12:49:17.144+0000] {processor.py:186} INFO - Started process (PID=823) to work on /opt/airflow/dags/nyc_jobs_pipeline_dag.py
[2026-02-14T12:49:17.145+0000] {processor.py:914} INFO - Processing file /opt/airflow/dags/nyc_jobs_pipeline_dag.py for tasks to queue
[2026-02-14T12:49:17.148+0000] {logging_mixin.py:190} INFO - [2026-02-14T12:49:17.147+0000] {dagbag.py:588} INFO - Filling up the DagBag from /opt/airflow/dags/nyc_jobs_pipeline_dag.py
[2026-02-14T12:49:17.795+0000] {processor.py:925} INFO - DAG(s) 'nyc_jobs_pipeline' retrieved from /opt/airflow/dags/nyc_jobs_pipeline_dag.py
[2026-02-14T12:49:17.831+0000] {logging_mixin.py:190} INFO - [2026-02-14T12:49:17.831+0000] {dag.py:3239} INFO - Sync 1 DAGs
[2026-02-14T12:49:17.855+0000] {logging_mixin.py:190} INFO - [2026-02-14T12:49:17.855+0000] {dag.py:4180} INFO - Setting next_dagrun for nyc_jobs_pipeline to 2026-02-14 00:00:00+00:00, run_after=2026-02-15 00:00:00+00:00
[2026-02-14T12:49:17.877+0000] {processor.py:208} INFO - Processing /opt/airflow/dags/nyc_jobs_pipeline_dag.py took 0.739 seconds
[2026-02-14T12:49:48.027+0000] {processor.py:186} INFO - Started process (PID=834) to work on /opt/airflow/dags/nyc_jobs_pipeline_dag.py
[2026-02-14T12:49:48.028+0000] {processor.py:914} INFO - Processing file /opt/airflow/dags/nyc_jobs_pipeline_dag.py for tasks to queue
[2026-02-14T12:49:48.032+0000] {logging_mixin.py:190} INFO - [2026-02-14T12:49:48.032+0000] {dagbag.py:588} INFO - Filling up the DagBag from /opt/airflow/dags/nyc_jobs_pipeline_dag.py
[2026-02-14T12:49:48.524+0000] {processor.py:925} INFO - DAG(s) 'nyc_jobs_pipeline' retrieved from /opt/airflow/dags/nyc_jobs_pipeline_dag.py
[2026-02-14T12:49:48.550+0000] {logging_mixin.py:190} INFO - [2026-02-14T12:49:48.549+0000] {dag.py:3239} INFO - Sync 1 DAGs
[2026-02-14T12:49:48.713+0000] {logging_mixin.py:190} INFO - [2026-02-14T12:49:48.712+0000] {dag.py:4180} INFO - Setting next_dagrun for nyc_jobs_pipeline to 2026-02-14 00:00:00+00:00, run_after=2026-02-15 00:00:00+00:00
[2026-02-14T12:49:48.738+0000] {processor.py:208} INFO - Processing /opt/airflow/dags/nyc_jobs_pipeline_dag.py took 0.717 seconds
[2026-02-14T12:50:18.805+0000] {processor.py:186} INFO - Started process (PID=845) to work on /opt/airflow/dags/nyc_jobs_pipeline_dag.py
[2026-02-14T12:50:18.806+0000] {processor.py:914} INFO - Processing file /opt/airflow/dags/nyc_jobs_pipeline_dag.py for tasks to queue
[2026-02-14T12:50:18.808+0000] {logging_mixin.py:190} INFO - [2026-02-14T12:50:18.808+0000] {dagbag.py:588} INFO - Filling up the DagBag from /opt/airflow/dags/nyc_jobs_pipeline_dag.py
[2026-02-14T12:50:19.414+0000] {processor.py:925} INFO - DAG(s) 'nyc_jobs_pipeline' retrieved from /opt/airflow/dags/nyc_jobs_pipeline_dag.py
[2026-02-14T12:50:19.599+0000] {logging_mixin.py:190} INFO - [2026-02-14T12:50:19.598+0000] {dag.py:3239} INFO - Sync 1 DAGs
[2026-02-14T12:50:19.619+0000] {logging_mixin.py:190} INFO - [2026-02-14T12:50:19.618+0000] {dag.py:4180} INFO - Setting next_dagrun for nyc_jobs_pipeline to 2026-02-14 00:00:00+00:00, run_after=2026-02-15 00:00:00+00:00
[2026-02-14T12:50:19.641+0000] {processor.py:208} INFO - Processing /opt/airflow/dags/nyc_jobs_pipeline_dag.py took 0.841 seconds
[2026-02-14T12:50:49.837+0000] {processor.py:186} INFO - Started process (PID=856) to work on /opt/airflow/dags/nyc_jobs_pipeline_dag.py
[2026-02-14T12:50:49.839+0000] {processor.py:914} INFO - Processing file /opt/airflow/dags/nyc_jobs_pipeline_dag.py for tasks to queue
[2026-02-14T12:50:49.842+0000] {logging_mixin.py:190} INFO - [2026-02-14T12:50:49.841+0000] {dagbag.py:588} INFO - Filling up the DagBag from /opt/airflow/dags/nyc_jobs_pipeline_dag.py
[2026-02-14T12:50:50.621+0000] {processor.py:925} INFO - DAG(s) 'nyc_jobs_pipeline' retrieved from /opt/airflow/dags/nyc_jobs_pipeline_dag.py
[2026-02-14T12:50:50.645+0000] {logging_mixin.py:190} INFO - [2026-02-14T12:50:50.645+0000] {dag.py:3239} INFO - Sync 1 DAGs
[2026-02-14T12:50:50.665+0000] {logging_mixin.py:190} INFO - [2026-02-14T12:50:50.665+0000] {dag.py:4180} INFO - Setting next_dagrun for nyc_jobs_pipeline to 2026-02-14 00:00:00+00:00, run_after=2026-02-15 00:00:00+00:00
[2026-02-14T12:50:50.685+0000] {processor.py:208} INFO - Processing /opt/airflow/dags/nyc_jobs_pipeline_dag.py took 0.853 seconds
[2026-02-14T12:51:21.101+0000] {processor.py:186} INFO - Started process (PID=867) to work on /opt/airflow/dags/nyc_jobs_pipeline_dag.py
[2026-02-14T12:51:21.103+0000] {processor.py:914} INFO - Processing file /opt/airflow/dags/nyc_jobs_pipeline_dag.py for tasks to queue
[2026-02-14T12:51:21.105+0000] {logging_mixin.py:190} INFO - [2026-02-14T12:51:21.105+0000] {dagbag.py:588} INFO - Filling up the DagBag from /opt/airflow/dags/nyc_jobs_pipeline_dag.py
[2026-02-14T12:51:21.712+0000] {processor.py:925} INFO - DAG(s) 'nyc_jobs_pipeline' retrieved from /opt/airflow/dags/nyc_jobs_pipeline_dag.py
[2026-02-14T12:51:21.736+0000] {logging_mixin.py:190} INFO - [2026-02-14T12:51:21.736+0000] {dag.py:3239} INFO - Sync 1 DAGs
[2026-02-14T12:51:21.754+0000] {logging_mixin.py:190} INFO - [2026-02-14T12:51:21.754+0000] {dag.py:4180} INFO - Setting next_dagrun for nyc_jobs_pipeline to 2026-02-14 00:00:00+00:00, run_after=2026-02-15 00:00:00+00:00
[2026-02-14T12:51:21.789+0000] {processor.py:208} INFO - Processing /opt/airflow/dags/nyc_jobs_pipeline_dag.py took 0.694 seconds
[2026-02-14T12:51:51.963+0000] {processor.py:186} INFO - Started process (PID=878) to work on /opt/airflow/dags/nyc_jobs_pipeline_dag.py
[2026-02-14T12:51:51.964+0000] {processor.py:914} INFO - Processing file /opt/airflow/dags/nyc_jobs_pipeline_dag.py for tasks to queue
[2026-02-14T12:51:51.967+0000] {logging_mixin.py:190} INFO - [2026-02-14T12:51:51.966+0000] {dagbag.py:588} INFO - Filling up the DagBag from /opt/airflow/dags/nyc_jobs_pipeline_dag.py
[2026-02-14T12:51:52.551+0000] {processor.py:925} INFO - DAG(s) 'nyc_jobs_pipeline' retrieved from /opt/airflow/dags/nyc_jobs_pipeline_dag.py
[2026-02-14T12:51:52.573+0000] {logging_mixin.py:190} INFO - [2026-02-14T12:51:52.572+0000] {dag.py:3239} INFO - Sync 1 DAGs
[2026-02-14T12:51:52.590+0000] {logging_mixin.py:190} INFO - [2026-02-14T12:51:52.590+0000] {dag.py:4180} INFO - Setting next_dagrun for nyc_jobs_pipeline to 2026-02-14 00:00:00+00:00, run_after=2026-02-15 00:00:00+00:00
[2026-02-14T12:51:52.609+0000] {processor.py:208} INFO - Processing /opt/airflow/dags/nyc_jobs_pipeline_dag.py took 0.651 seconds
[2026-02-14T12:52:22.677+0000] {processor.py:186} INFO - Started process (PID=889) to work on /opt/airflow/dags/nyc_jobs_pipeline_dag.py
[2026-02-14T12:52:22.678+0000] {processor.py:914} INFO - Processing file /opt/airflow/dags/nyc_jobs_pipeline_dag.py for tasks to queue
[2026-02-14T12:52:22.681+0000] {logging_mixin.py:190} INFO - [2026-02-14T12:52:22.681+0000] {dagbag.py:588} INFO - Filling up the DagBag from /opt/airflow/dags/nyc_jobs_pipeline_dag.py
[2026-02-14T12:52:23.377+0000] {processor.py:925} INFO - DAG(s) 'nyc_jobs_pipeline' retrieved from /opt/airflow/dags/nyc_jobs_pipeline_dag.py
[2026-02-14T12:52:23.403+0000] {logging_mixin.py:190} INFO - [2026-02-14T12:52:23.403+0000] {dag.py:3239} INFO - Sync 1 DAGs
[2026-02-14T12:52:23.435+0000] {logging_mixin.py:190} INFO - [2026-02-14T12:52:23.435+0000] {dag.py:4180} INFO - Setting next_dagrun for nyc_jobs_pipeline to 2026-02-14 00:00:00+00:00, run_after=2026-02-15 00:00:00+00:00
[2026-02-14T12:52:23.458+0000] {processor.py:208} INFO - Processing /opt/airflow/dags/nyc_jobs_pipeline_dag.py took 0.787 seconds
[2026-02-14T12:52:53.669+0000] {processor.py:186} INFO - Started process (PID=900) to work on /opt/airflow/dags/nyc_jobs_pipeline_dag.py
[2026-02-14T12:52:53.671+0000] {processor.py:914} INFO - Processing file /opt/airflow/dags/nyc_jobs_pipeline_dag.py for tasks to queue
[2026-02-14T12:52:53.676+0000] {logging_mixin.py:190} INFO - [2026-02-14T12:52:53.675+0000] {dagbag.py:588} INFO - Filling up the DagBag from /opt/airflow/dags/nyc_jobs_pipeline_dag.py
[2026-02-14T12:52:54.241+0000] {processor.py:925} INFO - DAG(s) 'nyc_jobs_pipeline' retrieved from /opt/airflow/dags/nyc_jobs_pipeline_dag.py
[2026-02-14T12:52:54.262+0000] {logging_mixin.py:190} INFO - [2026-02-14T12:52:54.262+0000] {dag.py:3239} INFO - Sync 1 DAGs
[2026-02-14T12:52:54.279+0000] {logging_mixin.py:190} INFO - [2026-02-14T12:52:54.279+0000] {dag.py:4180} INFO - Setting next_dagrun for nyc_jobs_pipeline to 2026-02-14 00:00:00+00:00, run_after=2026-02-15 00:00:00+00:00
[2026-02-14T12:52:54.304+0000] {processor.py:208} INFO - Processing /opt/airflow/dags/nyc_jobs_pipeline_dag.py took 0.639 seconds
[2026-02-14T12:53:24.445+0000] {processor.py:186} INFO - Started process (PID=911) to work on /opt/airflow/dags/nyc_jobs_pipeline_dag.py
[2026-02-14T12:53:24.449+0000] {processor.py:914} INFO - Processing file /opt/airflow/dags/nyc_jobs_pipeline_dag.py for tasks to queue
[2026-02-14T12:53:24.464+0000] {logging_mixin.py:190} INFO - [2026-02-14T12:53:24.462+0000] {dagbag.py:588} INFO - Filling up the DagBag from /opt/airflow/dags/nyc_jobs_pipeline_dag.py
[2026-02-14T12:53:26.532+0000] {processor.py:925} INFO - DAG(s) 'nyc_jobs_pipeline' retrieved from /opt/airflow/dags/nyc_jobs_pipeline_dag.py
[2026-02-14T12:53:26.569+0000] {logging_mixin.py:190} INFO - [2026-02-14T12:53:26.568+0000] {dag.py:3239} INFO - Sync 1 DAGs
[2026-02-14T12:53:26.591+0000] {logging_mixin.py:190} INFO - [2026-02-14T12:53:26.590+0000] {dag.py:4180} INFO - Setting next_dagrun for nyc_jobs_pipeline to 2026-02-14 00:00:00+00:00, run_after=2026-02-15 00:00:00+00:00
[2026-02-14T12:53:26.614+0000] {processor.py:208} INFO - Processing /opt/airflow/dags/nyc_jobs_pipeline_dag.py took 2.204 seconds
[2026-02-14T12:53:56.699+0000] {processor.py:186} INFO - Started process (PID=922) to work on /opt/airflow/dags/nyc_jobs_pipeline_dag.py
[2026-02-14T12:53:56.702+0000] {processor.py:914} INFO - Processing file /opt/airflow/dags/nyc_jobs_pipeline_dag.py for tasks to queue
[2026-02-14T12:53:56.705+0000] {logging_mixin.py:190} INFO - [2026-02-14T12:53:56.705+0000] {dagbag.py:588} INFO - Filling up the DagBag from /opt/airflow/dags/nyc_jobs_pipeline_dag.py
[2026-02-14T12:53:57.263+0000] {processor.py:925} INFO - DAG(s) 'nyc_jobs_pipeline' retrieved from /opt/airflow/dags/nyc_jobs_pipeline_dag.py
[2026-02-14T12:53:57.282+0000] {logging_mixin.py:190} INFO - [2026-02-14T12:53:57.282+0000] {dag.py:3239} INFO - Sync 1 DAGs
[2026-02-14T12:53:57.299+0000] {logging_mixin.py:190} INFO - [2026-02-14T12:53:57.299+0000] {dag.py:4180} INFO - Setting next_dagrun for nyc_jobs_pipeline to 2026-02-14 00:00:00+00:00, run_after=2026-02-15 00:00:00+00:00
[2026-02-14T12:53:57.314+0000] {processor.py:208} INFO - Processing /opt/airflow/dags/nyc_jobs_pipeline_dag.py took 0.622 seconds
[2026-02-14T12:54:27.475+0000] {processor.py:186} INFO - Started process (PID=933) to work on /opt/airflow/dags/nyc_jobs_pipeline_dag.py
[2026-02-14T12:54:27.477+0000] {processor.py:914} INFO - Processing file /opt/airflow/dags/nyc_jobs_pipeline_dag.py for tasks to queue
[2026-02-14T12:54:27.481+0000] {logging_mixin.py:190} INFO - [2026-02-14T12:54:27.480+0000] {dagbag.py:588} INFO - Filling up the DagBag from /opt/airflow/dags/nyc_jobs_pipeline_dag.py
[2026-02-14T12:54:28.489+0000] {processor.py:925} INFO - DAG(s) 'nyc_jobs_pipeline' retrieved from /opt/airflow/dags/nyc_jobs_pipeline_dag.py
[2026-02-14T12:54:28.526+0000] {logging_mixin.py:190} INFO - [2026-02-14T12:54:28.525+0000] {dag.py:3239} INFO - Sync 1 DAGs
[2026-02-14T12:54:28.544+0000] {logging_mixin.py:190} INFO - [2026-02-14T12:54:28.544+0000] {dag.py:4180} INFO - Setting next_dagrun for nyc_jobs_pipeline to 2026-02-14 00:00:00+00:00, run_after=2026-02-15 00:00:00+00:00
[2026-02-14T12:54:28.587+0000] {processor.py:208} INFO - Processing /opt/airflow/dags/nyc_jobs_pipeline_dag.py took 1.120 seconds
[2026-02-14T12:54:59.186+0000] {processor.py:186} INFO - Started process (PID=944) to work on /opt/airflow/dags/nyc_jobs_pipeline_dag.py
[2026-02-14T12:54:59.188+0000] {processor.py:914} INFO - Processing file /opt/airflow/dags/nyc_jobs_pipeline_dag.py for tasks to queue
[2026-02-14T12:54:59.190+0000] {logging_mixin.py:190} INFO - [2026-02-14T12:54:59.190+0000] {dagbag.py:588} INFO - Filling up the DagBag from /opt/airflow/dags/nyc_jobs_pipeline_dag.py
[2026-02-14T12:54:59.808+0000] {processor.py:925} INFO - DAG(s) 'nyc_jobs_pipeline' retrieved from /opt/airflow/dags/nyc_jobs_pipeline_dag.py
[2026-02-14T12:54:59.830+0000] {logging_mixin.py:190} INFO - [2026-02-14T12:54:59.830+0000] {dag.py:3239} INFO - Sync 1 DAGs
[2026-02-14T12:54:59.846+0000] {logging_mixin.py:190} INFO - [2026-02-14T12:54:59.846+0000] {dag.py:4180} INFO - Setting next_dagrun for nyc_jobs_pipeline to 2026-02-14 00:00:00+00:00, run_after=2026-02-15 00:00:00+00:00
[2026-02-14T12:54:59.862+0000] {processor.py:208} INFO - Processing /opt/airflow/dags/nyc_jobs_pipeline_dag.py took 0.682 seconds
[2026-02-14T12:55:30.004+0000] {processor.py:186} INFO - Started process (PID=955) to work on /opt/airflow/dags/nyc_jobs_pipeline_dag.py
[2026-02-14T12:55:30.005+0000] {processor.py:914} INFO - Processing file /opt/airflow/dags/nyc_jobs_pipeline_dag.py for tasks to queue
[2026-02-14T12:55:30.008+0000] {logging_mixin.py:190} INFO - [2026-02-14T12:55:30.007+0000] {dagbag.py:588} INFO - Filling up the DagBag from /opt/airflow/dags/nyc_jobs_pipeline_dag.py
[2026-02-14T12:55:30.785+0000] {processor.py:925} INFO - DAG(s) 'nyc_jobs_pipeline' retrieved from /opt/airflow/dags/nyc_jobs_pipeline_dag.py
[2026-02-14T12:55:30.808+0000] {logging_mixin.py:190} INFO - [2026-02-14T12:55:30.808+0000] {dag.py:3239} INFO - Sync 1 DAGs
[2026-02-14T12:55:30.826+0000] {logging_mixin.py:190} INFO - [2026-02-14T12:55:30.826+0000] {dag.py:4180} INFO - Setting next_dagrun for nyc_jobs_pipeline to 2026-02-14 00:00:00+00:00, run_after=2026-02-15 00:00:00+00:00
[2026-02-14T12:55:30.844+0000] {processor.py:208} INFO - Processing /opt/airflow/dags/nyc_jobs_pipeline_dag.py took 0.847 seconds
[2026-02-14T12:56:01.354+0000] {processor.py:186} INFO - Started process (PID=966) to work on /opt/airflow/dags/nyc_jobs_pipeline_dag.py
[2026-02-14T12:56:01.355+0000] {processor.py:914} INFO - Processing file /opt/airflow/dags/nyc_jobs_pipeline_dag.py for tasks to queue
[2026-02-14T12:56:01.359+0000] {logging_mixin.py:190} INFO - [2026-02-14T12:56:01.358+0000] {dagbag.py:588} INFO - Filling up the DagBag from /opt/airflow/dags/nyc_jobs_pipeline_dag.py
[2026-02-14T12:56:02.098+0000] {processor.py:925} INFO - DAG(s) 'nyc_jobs_pipeline' retrieved from /opt/airflow/dags/nyc_jobs_pipeline_dag.py
[2026-02-14T12:56:02.122+0000] {logging_mixin.py:190} INFO - [2026-02-14T12:56:02.122+0000] {dag.py:3239} INFO - Sync 1 DAGs
[2026-02-14T12:56:02.155+0000] {logging_mixin.py:190} INFO - [2026-02-14T12:56:02.155+0000] {dag.py:4180} INFO - Setting next_dagrun for nyc_jobs_pipeline to 2026-02-14 00:00:00+00:00, run_after=2026-02-15 00:00:00+00:00
[2026-02-14T12:56:02.175+0000] {processor.py:208} INFO - Processing /opt/airflow/dags/nyc_jobs_pipeline_dag.py took 0.828 seconds
[2026-02-14T12:56:32.451+0000] {processor.py:186} INFO - Started process (PID=977) to work on /opt/airflow/dags/nyc_jobs_pipeline_dag.py
[2026-02-14T12:56:32.452+0000] {processor.py:914} INFO - Processing file /opt/airflow/dags/nyc_jobs_pipeline_dag.py for tasks to queue
[2026-02-14T12:56:32.454+0000] {logging_mixin.py:190} INFO - [2026-02-14T12:56:32.454+0000] {dagbag.py:588} INFO - Filling up the DagBag from /opt/airflow/dags/nyc_jobs_pipeline_dag.py
[2026-02-14T12:56:33.188+0000] {processor.py:925} INFO - DAG(s) 'nyc_jobs_pipeline' retrieved from /opt/airflow/dags/nyc_jobs_pipeline_dag.py
[2026-02-14T12:56:33.214+0000] {logging_mixin.py:190} INFO - [2026-02-14T12:56:33.214+0000] {dag.py:3239} INFO - Sync 1 DAGs
[2026-02-14T12:56:33.233+0000] {logging_mixin.py:190} INFO - [2026-02-14T12:56:33.233+0000] {dag.py:4180} INFO - Setting next_dagrun for nyc_jobs_pipeline to 2026-02-14 00:00:00+00:00, run_after=2026-02-15 00:00:00+00:00
[2026-02-14T12:56:33.251+0000] {processor.py:208} INFO - Processing /opt/airflow/dags/nyc_jobs_pipeline_dag.py took 0.806 seconds
[2026-02-14T12:56:36.071+0000] {processor.py:186} INFO - Started process (PID=982) to work on /opt/airflow/dags/nyc_jobs_pipeline_dag.py
[2026-02-14T12:56:36.073+0000] {processor.py:914} INFO - Processing file /opt/airflow/dags/nyc_jobs_pipeline_dag.py for tasks to queue
[2026-02-14T12:56:36.076+0000] {logging_mixin.py:190} INFO - [2026-02-14T12:56:36.075+0000] {dagbag.py:588} INFO - Filling up the DagBag from /opt/airflow/dags/nyc_jobs_pipeline_dag.py
[2026-02-14T12:56:36.944+0000] {processor.py:925} INFO - DAG(s) 'nyc_jobs_pipeline' retrieved from /opt/airflow/dags/nyc_jobs_pipeline_dag.py
[2026-02-14T12:56:37.205+0000] {logging_mixin.py:190} INFO - [2026-02-14T12:56:37.204+0000] {dag.py:3239} INFO - Sync 1 DAGs
[2026-02-14T12:56:37.225+0000] {logging_mixin.py:190} INFO - [2026-02-14T12:56:37.225+0000] {dag.py:4180} INFO - Setting next_dagrun for nyc_jobs_pipeline to 2026-02-13 00:00:00+00:00, run_after=2026-02-14 00:00:00+00:00
[2026-02-14T12:56:37.254+0000] {processor.py:208} INFO - Processing /opt/airflow/dags/nyc_jobs_pipeline_dag.py took 1.192 seconds
[2026-02-14T12:57:07.371+0000] {processor.py:186} INFO - Started process (PID=993) to work on /opt/airflow/dags/nyc_jobs_pipeline_dag.py
[2026-02-14T12:57:07.372+0000] {processor.py:914} INFO - Processing file /opt/airflow/dags/nyc_jobs_pipeline_dag.py for tasks to queue
[2026-02-14T12:57:07.375+0000] {logging_mixin.py:190} INFO - [2026-02-14T12:57:07.374+0000] {dagbag.py:588} INFO - Filling up the DagBag from /opt/airflow/dags/nyc_jobs_pipeline_dag.py
[2026-02-14T12:57:08.171+0000] {processor.py:925} INFO - DAG(s) 'nyc_jobs_pipeline' retrieved from /opt/airflow/dags/nyc_jobs_pipeline_dag.py
[2026-02-14T12:57:08.189+0000] {logging_mixin.py:190} INFO - [2026-02-14T12:57:08.189+0000] {dag.py:3239} INFO - Sync 1 DAGs
[2026-02-14T12:57:08.212+0000] {logging_mixin.py:190} INFO - [2026-02-14T12:57:08.212+0000] {dag.py:4180} INFO - Setting next_dagrun for nyc_jobs_pipeline to 2026-02-14 00:00:00+00:00, run_after=2026-02-15 00:00:00+00:00
[2026-02-14T12:57:08.232+0000] {processor.py:208} INFO - Processing /opt/airflow/dags/nyc_jobs_pipeline_dag.py took 0.868 seconds
[2026-02-14T12:57:38.297+0000] {processor.py:186} INFO - Started process (PID=1004) to work on /opt/airflow/dags/nyc_jobs_pipeline_dag.py
[2026-02-14T12:57:38.298+0000] {processor.py:914} INFO - Processing file /opt/airflow/dags/nyc_jobs_pipeline_dag.py for tasks to queue
[2026-02-14T12:57:38.301+0000] {logging_mixin.py:190} INFO - [2026-02-14T12:57:38.301+0000] {dagbag.py:588} INFO - Filling up the DagBag from /opt/airflow/dags/nyc_jobs_pipeline_dag.py
[2026-02-14T12:57:38.959+0000] {processor.py:925} INFO - DAG(s) 'nyc_jobs_pipeline' retrieved from /opt/airflow/dags/nyc_jobs_pipeline_dag.py
[2026-02-14T12:57:38.973+0000] {logging_mixin.py:190} INFO - [2026-02-14T12:57:38.973+0000] {dag.py:3239} INFO - Sync 1 DAGs
[2026-02-14T12:57:38.992+0000] {logging_mixin.py:190} INFO - [2026-02-14T12:57:38.992+0000] {dag.py:4180} INFO - Setting next_dagrun for nyc_jobs_pipeline to 2026-02-14 00:00:00+00:00, run_after=2026-02-15 00:00:00+00:00
[2026-02-14T12:57:39.014+0000] {processor.py:208} INFO - Processing /opt/airflow/dags/nyc_jobs_pipeline_dag.py took 0.724 seconds
[2026-02-14T12:58:09.249+0000] {processor.py:186} INFO - Started process (PID=1015) to work on /opt/airflow/dags/nyc_jobs_pipeline_dag.py
[2026-02-14T12:58:09.250+0000] {processor.py:914} INFO - Processing file /opt/airflow/dags/nyc_jobs_pipeline_dag.py for tasks to queue
[2026-02-14T12:58:09.253+0000] {logging_mixin.py:190} INFO - [2026-02-14T12:58:09.253+0000] {dagbag.py:588} INFO - Filling up the DagBag from /opt/airflow/dags/nyc_jobs_pipeline_dag.py
[2026-02-14T12:58:10.002+0000] {processor.py:925} INFO - DAG(s) 'nyc_jobs_pipeline' retrieved from /opt/airflow/dags/nyc_jobs_pipeline_dag.py
[2026-02-14T12:58:10.016+0000] {logging_mixin.py:190} INFO - [2026-02-14T12:58:10.015+0000] {dag.py:3239} INFO - Sync 1 DAGs
[2026-02-14T12:58:10.033+0000] {logging_mixin.py:190} INFO - [2026-02-14T12:58:10.033+0000] {dag.py:4180} INFO - Setting next_dagrun for nyc_jobs_pipeline to 2026-02-14 00:00:00+00:00, run_after=2026-02-15 00:00:00+00:00
[2026-02-14T12:58:10.054+0000] {processor.py:208} INFO - Processing /opt/airflow/dags/nyc_jobs_pipeline_dag.py took 0.811 seconds
[2026-02-14T12:58:40.233+0000] {processor.py:186} INFO - Started process (PID=1026) to work on /opt/airflow/dags/nyc_jobs_pipeline_dag.py
[2026-02-14T12:58:40.234+0000] {processor.py:914} INFO - Processing file /opt/airflow/dags/nyc_jobs_pipeline_dag.py for tasks to queue
[2026-02-14T12:58:40.238+0000] {logging_mixin.py:190} INFO - [2026-02-14T12:58:40.237+0000] {dagbag.py:588} INFO - Filling up the DagBag from /opt/airflow/dags/nyc_jobs_pipeline_dag.py
[2026-02-14T12:58:40.977+0000] {processor.py:925} INFO - DAG(s) 'nyc_jobs_pipeline' retrieved from /opt/airflow/dags/nyc_jobs_pipeline_dag.py
[2026-02-14T12:58:40.995+0000] {logging_mixin.py:190} INFO - [2026-02-14T12:58:40.995+0000] {dag.py:3239} INFO - Sync 1 DAGs
[2026-02-14T12:58:41.013+0000] {logging_mixin.py:190} INFO - [2026-02-14T12:58:41.012+0000] {dag.py:4180} INFO - Setting next_dagrun for nyc_jobs_pipeline to 2026-02-14 00:00:00+00:00, run_after=2026-02-15 00:00:00+00:00
[2026-02-14T12:58:41.031+0000] {processor.py:208} INFO - Processing /opt/airflow/dags/nyc_jobs_pipeline_dag.py took 0.805 seconds
[2026-02-14T12:59:11.319+0000] {processor.py:186} INFO - Started process (PID=1037) to work on /opt/airflow/dags/nyc_jobs_pipeline_dag.py
[2026-02-14T12:59:11.321+0000] {processor.py:914} INFO - Processing file /opt/airflow/dags/nyc_jobs_pipeline_dag.py for tasks to queue
[2026-02-14T12:59:11.324+0000] {logging_mixin.py:190} INFO - [2026-02-14T12:59:11.323+0000] {dagbag.py:588} INFO - Filling up the DagBag from /opt/airflow/dags/nyc_jobs_pipeline_dag.py
[2026-02-14T12:59:12.032+0000] {processor.py:925} INFO - DAG(s) 'nyc_jobs_pipeline' retrieved from /opt/airflow/dags/nyc_jobs_pipeline_dag.py
[2026-02-14T12:59:12.047+0000] {logging_mixin.py:190} INFO - [2026-02-14T12:59:12.047+0000] {dag.py:3239} INFO - Sync 1 DAGs
[2026-02-14T12:59:12.067+0000] {logging_mixin.py:190} INFO - [2026-02-14T12:59:12.067+0000] {dag.py:4180} INFO - Setting next_dagrun for nyc_jobs_pipeline to 2026-02-14 00:00:00+00:00, run_after=2026-02-15 00:00:00+00:00
[2026-02-14T12:59:12.086+0000] {processor.py:208} INFO - Processing /opt/airflow/dags/nyc_jobs_pipeline_dag.py took 0.772 seconds
[2026-02-14T12:59:42.224+0000] {processor.py:186} INFO - Started process (PID=1048) to work on /opt/airflow/dags/nyc_jobs_pipeline_dag.py
[2026-02-14T12:59:42.226+0000] {processor.py:914} INFO - Processing file /opt/airflow/dags/nyc_jobs_pipeline_dag.py for tasks to queue
[2026-02-14T12:59:42.232+0000] {logging_mixin.py:190} INFO - [2026-02-14T12:59:42.231+0000] {dagbag.py:588} INFO - Filling up the DagBag from /opt/airflow/dags/nyc_jobs_pipeline_dag.py
[2026-02-14T12:59:42.962+0000] {processor.py:925} INFO - DAG(s) 'nyc_jobs_pipeline' retrieved from /opt/airflow/dags/nyc_jobs_pipeline_dag.py
[2026-02-14T12:59:42.978+0000] {logging_mixin.py:190} INFO - [2026-02-14T12:59:42.977+0000] {dag.py:3239} INFO - Sync 1 DAGs
[2026-02-14T12:59:42.998+0000] {logging_mixin.py:190} INFO - [2026-02-14T12:59:42.997+0000] {dag.py:4180} INFO - Setting next_dagrun for nyc_jobs_pipeline to 2026-02-14 00:00:00+00:00, run_after=2026-02-15 00:00:00+00:00
[2026-02-14T12:59:43.019+0000] {processor.py:208} INFO - Processing /opt/airflow/dags/nyc_jobs_pipeline_dag.py took 0.802 seconds
[2026-02-14T13:00:13.180+0000] {processor.py:186} INFO - Started process (PID=1059) to work on /opt/airflow/dags/nyc_jobs_pipeline_dag.py
[2026-02-14T13:00:13.182+0000] {processor.py:914} INFO - Processing file /opt/airflow/dags/nyc_jobs_pipeline_dag.py for tasks to queue
[2026-02-14T13:00:13.185+0000] {logging_mixin.py:190} INFO - [2026-02-14T13:00:13.185+0000] {dagbag.py:588} INFO - Filling up the DagBag from /opt/airflow/dags/nyc_jobs_pipeline_dag.py
[2026-02-14T13:00:13.942+0000] {processor.py:925} INFO - DAG(s) 'nyc_jobs_pipeline' retrieved from /opt/airflow/dags/nyc_jobs_pipeline_dag.py
[2026-02-14T13:00:13.965+0000] {logging_mixin.py:190} INFO - [2026-02-14T13:00:13.965+0000] {dag.py:3239} INFO - Sync 1 DAGs
[2026-02-14T13:00:13.991+0000] {logging_mixin.py:190} INFO - [2026-02-14T13:00:13.991+0000] {dag.py:4180} INFO - Setting next_dagrun for nyc_jobs_pipeline to 2026-02-14 00:00:00+00:00, run_after=2026-02-15 00:00:00+00:00
[2026-02-14T13:00:14.014+0000] {processor.py:208} INFO - Processing /opt/airflow/dags/nyc_jobs_pipeline_dag.py took 0.840 seconds
[2026-02-14T13:00:44.294+0000] {processor.py:186} INFO - Started process (PID=1070) to work on /opt/airflow/dags/nyc_jobs_pipeline_dag.py
[2026-02-14T13:00:44.296+0000] {processor.py:914} INFO - Processing file /opt/airflow/dags/nyc_jobs_pipeline_dag.py for tasks to queue
[2026-02-14T13:00:44.299+0000] {logging_mixin.py:190} INFO - [2026-02-14T13:00:44.298+0000] {dagbag.py:588} INFO - Filling up the DagBag from /opt/airflow/dags/nyc_jobs_pipeline_dag.py
[2026-02-14T13:00:45.117+0000] {processor.py:925} INFO - DAG(s) 'nyc_jobs_pipeline' retrieved from /opt/airflow/dags/nyc_jobs_pipeline_dag.py
[2026-02-14T13:00:45.133+0000] {logging_mixin.py:190} INFO - [2026-02-14T13:00:45.133+0000] {dag.py:3239} INFO - Sync 1 DAGs
[2026-02-14T13:00:45.151+0000] {logging_mixin.py:190} INFO - [2026-02-14T13:00:45.151+0000] {dag.py:4180} INFO - Setting next_dagrun for nyc_jobs_pipeline to 2026-02-14 00:00:00+00:00, run_after=2026-02-15 00:00:00+00:00
[2026-02-14T13:00:45.172+0000] {processor.py:208} INFO - Processing /opt/airflow/dags/nyc_jobs_pipeline_dag.py took 0.885 seconds
[2026-02-14T13:01:15.411+0000] {processor.py:186} INFO - Started process (PID=1081) to work on /opt/airflow/dags/nyc_jobs_pipeline_dag.py
[2026-02-14T13:01:15.413+0000] {processor.py:914} INFO - Processing file /opt/airflow/dags/nyc_jobs_pipeline_dag.py for tasks to queue
[2026-02-14T13:01:15.416+0000] {logging_mixin.py:190} INFO - [2026-02-14T13:01:15.415+0000] {dagbag.py:588} INFO - Filling up the DagBag from /opt/airflow/dags/nyc_jobs_pipeline_dag.py
[2026-02-14T13:01:16.141+0000] {processor.py:925} INFO - DAG(s) 'nyc_jobs_pipeline' retrieved from /opt/airflow/dags/nyc_jobs_pipeline_dag.py
[2026-02-14T13:01:16.153+0000] {logging_mixin.py:190} INFO - [2026-02-14T13:01:16.153+0000] {dag.py:3239} INFO - Sync 1 DAGs
[2026-02-14T13:01:16.171+0000] {logging_mixin.py:190} INFO - [2026-02-14T13:01:16.171+0000] {dag.py:4180} INFO - Setting next_dagrun for nyc_jobs_pipeline to 2026-02-14 00:00:00+00:00, run_after=2026-02-15 00:00:00+00:00
[2026-02-14T13:01:16.187+0000] {processor.py:208} INFO - Processing /opt/airflow/dags/nyc_jobs_pipeline_dag.py took 0.782 seconds
[2026-02-14T13:01:46.455+0000] {processor.py:186} INFO - Started process (PID=1093) to work on /opt/airflow/dags/nyc_jobs_pipeline_dag.py
[2026-02-14T13:01:46.456+0000] {processor.py:914} INFO - Processing file /opt/airflow/dags/nyc_jobs_pipeline_dag.py for tasks to queue
[2026-02-14T13:01:46.459+0000] {logging_mixin.py:190} INFO - [2026-02-14T13:01:46.459+0000] {dagbag.py:588} INFO - Filling up the DagBag from /opt/airflow/dags/nyc_jobs_pipeline_dag.py
[2026-02-14T13:01:47.148+0000] {processor.py:925} INFO - DAG(s) 'nyc_jobs_pipeline' retrieved from /opt/airflow/dags/nyc_jobs_pipeline_dag.py
[2026-02-14T13:01:47.161+0000] {logging_mixin.py:190} INFO - [2026-02-14T13:01:47.161+0000] {dag.py:3239} INFO - Sync 1 DAGs
[2026-02-14T13:01:47.179+0000] {logging_mixin.py:190} INFO - [2026-02-14T13:01:47.179+0000] {dag.py:4180} INFO - Setting next_dagrun for nyc_jobs_pipeline to 2026-02-14 00:00:00+00:00, run_after=2026-02-15 00:00:00+00:00
[2026-02-14T13:01:47.210+0000] {processor.py:208} INFO - Processing /opt/airflow/dags/nyc_jobs_pipeline_dag.py took 0.761 seconds
[2026-02-14T13:02:17.363+0000] {processor.py:186} INFO - Started process (PID=1105) to work on /opt/airflow/dags/nyc_jobs_pipeline_dag.py
[2026-02-14T13:02:17.364+0000] {processor.py:914} INFO - Processing file /opt/airflow/dags/nyc_jobs_pipeline_dag.py for tasks to queue
[2026-02-14T13:02:17.366+0000] {logging_mixin.py:190} INFO - [2026-02-14T13:02:17.366+0000] {dagbag.py:588} INFO - Filling up the DagBag from /opt/airflow/dags/nyc_jobs_pipeline_dag.py
[2026-02-14T13:02:17.909+0000] {processor.py:925} INFO - DAG(s) 'nyc_jobs_pipeline' retrieved from /opt/airflow/dags/nyc_jobs_pipeline_dag.py
[2026-02-14T13:02:17.924+0000] {logging_mixin.py:190} INFO - [2026-02-14T13:02:17.923+0000] {dag.py:3239} INFO - Sync 1 DAGs
[2026-02-14T13:02:17.940+0000] {logging_mixin.py:190} INFO - [2026-02-14T13:02:17.940+0000] {dag.py:4180} INFO - Setting next_dagrun for nyc_jobs_pipeline to 2026-02-14 00:00:00+00:00, run_after=2026-02-15 00:00:00+00:00
[2026-02-14T13:02:17.958+0000] {processor.py:208} INFO - Processing /opt/airflow/dags/nyc_jobs_pipeline_dag.py took 0.600 seconds
[2026-02-14T13:02:48.100+0000] {processor.py:186} INFO - Started process (PID=1116) to work on /opt/airflow/dags/nyc_jobs_pipeline_dag.py
[2026-02-14T13:02:48.102+0000] {processor.py:914} INFO - Processing file /opt/airflow/dags/nyc_jobs_pipeline_dag.py for tasks to queue
[2026-02-14T13:02:48.105+0000] {logging_mixin.py:190} INFO - [2026-02-14T13:02:48.105+0000] {dagbag.py:588} INFO - Filling up the DagBag from /opt/airflow/dags/nyc_jobs_pipeline_dag.py
[2026-02-14T13:02:48.809+0000] {processor.py:925} INFO - DAG(s) 'nyc_jobs_pipeline' retrieved from /opt/airflow/dags/nyc_jobs_pipeline_dag.py
[2026-02-14T13:02:48.824+0000] {logging_mixin.py:190} INFO - [2026-02-14T13:02:48.823+0000] {dag.py:3239} INFO - Sync 1 DAGs
[2026-02-14T13:02:48.842+0000] {logging_mixin.py:190} INFO - [2026-02-14T13:02:48.842+0000] {dag.py:4180} INFO - Setting next_dagrun for nyc_jobs_pipeline to 2026-02-14 00:00:00+00:00, run_after=2026-02-15 00:00:00+00:00
[2026-02-14T13:02:48.861+0000] {processor.py:208} INFO - Processing /opt/airflow/dags/nyc_jobs_pipeline_dag.py took 0.769 seconds
[2026-02-14T13:03:19.056+0000] {processor.py:186} INFO - Started process (PID=1127) to work on /opt/airflow/dags/nyc_jobs_pipeline_dag.py
[2026-02-14T13:03:19.057+0000] {processor.py:914} INFO - Processing file /opt/airflow/dags/nyc_jobs_pipeline_dag.py for tasks to queue
[2026-02-14T13:03:19.061+0000] {logging_mixin.py:190} INFO - [2026-02-14T13:03:19.060+0000] {dagbag.py:588} INFO - Filling up the DagBag from /opt/airflow/dags/nyc_jobs_pipeline_dag.py
[2026-02-14T13:03:19.747+0000] {processor.py:925} INFO - DAG(s) 'nyc_jobs_pipeline' retrieved from /opt/airflow/dags/nyc_jobs_pipeline_dag.py
[2026-02-14T13:03:19.765+0000] {logging_mixin.py:190} INFO - [2026-02-14T13:03:19.765+0000] {dag.py:3239} INFO - Sync 1 DAGs
[2026-02-14T13:03:19.785+0000] {logging_mixin.py:190} INFO - [2026-02-14T13:03:19.785+0000] {dag.py:4180} INFO - Setting next_dagrun for nyc_jobs_pipeline to 2026-02-14 00:00:00+00:00, run_after=2026-02-15 00:00:00+00:00
[2026-02-14T13:03:19.808+0000] {processor.py:208} INFO - Processing /opt/airflow/dags/nyc_jobs_pipeline_dag.py took 0.759 seconds
[2026-02-14T13:03:49.955+0000] {processor.py:186} INFO - Started process (PID=1138) to work on /opt/airflow/dags/nyc_jobs_pipeline_dag.py
[2026-02-14T13:03:49.958+0000] {processor.py:914} INFO - Processing file /opt/airflow/dags/nyc_jobs_pipeline_dag.py for tasks to queue
[2026-02-14T13:03:49.962+0000] {logging_mixin.py:190} INFO - [2026-02-14T13:03:49.962+0000] {dagbag.py:588} INFO - Filling up the DagBag from /opt/airflow/dags/nyc_jobs_pipeline_dag.py
[2026-02-14T13:03:50.806+0000] {processor.py:925} INFO - DAG(s) 'nyc_jobs_pipeline' retrieved from /opt/airflow/dags/nyc_jobs_pipeline_dag.py
[2026-02-14T13:03:50.820+0000] {logging_mixin.py:190} INFO - [2026-02-14T13:03:50.820+0000] {dag.py:3239} INFO - Sync 1 DAGs
[2026-02-14T13:03:50.839+0000] {logging_mixin.py:190} INFO - [2026-02-14T13:03:50.839+0000] {dag.py:4180} INFO - Setting next_dagrun for nyc_jobs_pipeline to 2026-02-14 00:00:00+00:00, run_after=2026-02-15 00:00:00+00:00
[2026-02-14T13:03:50.868+0000] {processor.py:208} INFO - Processing /opt/airflow/dags/nyc_jobs_pipeline_dag.py took 0.920 seconds
[2026-02-14T13:04:21.024+0000] {processor.py:186} INFO - Started process (PID=1149) to work on /opt/airflow/dags/nyc_jobs_pipeline_dag.py
[2026-02-14T13:04:21.025+0000] {processor.py:914} INFO - Processing file /opt/airflow/dags/nyc_jobs_pipeline_dag.py for tasks to queue
[2026-02-14T13:04:21.028+0000] {logging_mixin.py:190} INFO - [2026-02-14T13:04:21.027+0000] {dagbag.py:588} INFO - Filling up the DagBag from /opt/airflow/dags/nyc_jobs_pipeline_dag.py
[2026-02-14T13:04:21.667+0000] {processor.py:925} INFO - DAG(s) 'nyc_jobs_pipeline' retrieved from /opt/airflow/dags/nyc_jobs_pipeline_dag.py
[2026-02-14T13:04:21.681+0000] {logging_mixin.py:190} INFO - [2026-02-14T13:04:21.680+0000] {dag.py:3239} INFO - Sync 1 DAGs
[2026-02-14T13:04:21.698+0000] {logging_mixin.py:190} INFO - [2026-02-14T13:04:21.698+0000] {dag.py:4180} INFO - Setting next_dagrun for nyc_jobs_pipeline to 2026-02-14 00:00:00+00:00, run_after=2026-02-15 00:00:00+00:00
[2026-02-14T13:04:21.715+0000] {processor.py:208} INFO - Processing /opt/airflow/dags/nyc_jobs_pipeline_dag.py took 0.697 seconds
[2026-02-14T13:04:51.959+0000] {processor.py:186} INFO - Started process (PID=1160) to work on /opt/airflow/dags/nyc_jobs_pipeline_dag.py
[2026-02-14T13:04:51.960+0000] {processor.py:914} INFO - Processing file /opt/airflow/dags/nyc_jobs_pipeline_dag.py for tasks to queue
[2026-02-14T13:04:51.963+0000] {logging_mixin.py:190} INFO - [2026-02-14T13:04:51.962+0000] {dagbag.py:588} INFO - Filling up the DagBag from /opt/airflow/dags/nyc_jobs_pipeline_dag.py
[2026-02-14T13:04:52.729+0000] {processor.py:925} INFO - DAG(s) 'nyc_jobs_pipeline' retrieved from /opt/airflow/dags/nyc_jobs_pipeline_dag.py
[2026-02-14T13:04:52.741+0000] {logging_mixin.py:190} INFO - [2026-02-14T13:04:52.741+0000] {dag.py:3239} INFO - Sync 1 DAGs
[2026-02-14T13:04:52.761+0000] {logging_mixin.py:190} INFO - [2026-02-14T13:04:52.761+0000] {dag.py:4180} INFO - Setting next_dagrun for nyc_jobs_pipeline to 2026-02-14 00:00:00+00:00, run_after=2026-02-15 00:00:00+00:00
[2026-02-14T13:04:52.779+0000] {processor.py:208} INFO - Processing /opt/airflow/dags/nyc_jobs_pipeline_dag.py took 0.826 seconds
[2026-02-14T13:05:23.005+0000] {processor.py:186} INFO - Started process (PID=1171) to work on /opt/airflow/dags/nyc_jobs_pipeline_dag.py
[2026-02-14T13:05:23.009+0000] {processor.py:914} INFO - Processing file /opt/airflow/dags/nyc_jobs_pipeline_dag.py for tasks to queue
[2026-02-14T13:05:23.012+0000] {logging_mixin.py:190} INFO - [2026-02-14T13:05:23.012+0000] {dagbag.py:588} INFO - Filling up the DagBag from /opt/airflow/dags/nyc_jobs_pipeline_dag.py
[2026-02-14T13:05:23.618+0000] {processor.py:925} INFO - DAG(s) 'nyc_jobs_pipeline' retrieved from /opt/airflow/dags/nyc_jobs_pipeline_dag.py
[2026-02-14T13:05:23.632+0000] {logging_mixin.py:190} INFO - [2026-02-14T13:05:23.632+0000] {dag.py:3239} INFO - Sync 1 DAGs
[2026-02-14T13:05:23.648+0000] {logging_mixin.py:190} INFO - [2026-02-14T13:05:23.648+0000] {dag.py:4180} INFO - Setting next_dagrun for nyc_jobs_pipeline to 2026-02-14 00:00:00+00:00, run_after=2026-02-15 00:00:00+00:00
[2026-02-14T13:05:23.667+0000] {processor.py:208} INFO - Processing /opt/airflow/dags/nyc_jobs_pipeline_dag.py took 0.668 seconds
[2026-02-14T13:05:53.845+0000] {processor.py:186} INFO - Started process (PID=1182) to work on /opt/airflow/dags/nyc_jobs_pipeline_dag.py
[2026-02-14T13:05:53.846+0000] {processor.py:914} INFO - Processing file /opt/airflow/dags/nyc_jobs_pipeline_dag.py for tasks to queue
[2026-02-14T13:05:53.848+0000] {logging_mixin.py:190} INFO - [2026-02-14T13:05:53.848+0000] {dagbag.py:588} INFO - Filling up the DagBag from /opt/airflow/dags/nyc_jobs_pipeline_dag.py
[2026-02-14T13:05:54.519+0000] {processor.py:925} INFO - DAG(s) 'nyc_jobs_pipeline' retrieved from /opt/airflow/dags/nyc_jobs_pipeline_dag.py
[2026-02-14T13:05:54.535+0000] {logging_mixin.py:190} INFO - [2026-02-14T13:05:54.535+0000] {dag.py:3239} INFO - Sync 1 DAGs
[2026-02-14T13:05:54.553+0000] {logging_mixin.py:190} INFO - [2026-02-14T13:05:54.552+0000] {dag.py:4180} INFO - Setting next_dagrun for nyc_jobs_pipeline to 2026-02-14 00:00:00+00:00, run_after=2026-02-15 00:00:00+00:00
[2026-02-14T13:05:54.572+0000] {processor.py:208} INFO - Processing /opt/airflow/dags/nyc_jobs_pipeline_dag.py took 0.733 seconds
[2026-02-14T13:06:24.644+0000] {processor.py:186} INFO - Started process (PID=1193) to work on /opt/airflow/dags/nyc_jobs_pipeline_dag.py
[2026-02-14T13:06:24.646+0000] {processor.py:914} INFO - Processing file /opt/airflow/dags/nyc_jobs_pipeline_dag.py for tasks to queue
[2026-02-14T13:06:24.648+0000] {logging_mixin.py:190} INFO - [2026-02-14T13:06:24.648+0000] {dagbag.py:588} INFO - Filling up the DagBag from /opt/airflow/dags/nyc_jobs_pipeline_dag.py
[2026-02-14T13:06:25.388+0000] {processor.py:925} INFO - DAG(s) 'nyc_jobs_pipeline' retrieved from /opt/airflow/dags/nyc_jobs_pipeline_dag.py
[2026-02-14T13:06:25.399+0000] {logging_mixin.py:190} INFO - [2026-02-14T13:06:25.399+0000] {dag.py:3239} INFO - Sync 1 DAGs
[2026-02-14T13:06:25.416+0000] {logging_mixin.py:190} INFO - [2026-02-14T13:06:25.416+0000] {dag.py:4180} INFO - Setting next_dagrun for nyc_jobs_pipeline to 2026-02-14 00:00:00+00:00, run_after=2026-02-15 00:00:00+00:00
[2026-02-14T13:06:25.432+0000] {processor.py:208} INFO - Processing /opt/airflow/dags/nyc_jobs_pipeline_dag.py took 0.794 seconds
[2026-02-14T13:06:55.610+0000] {processor.py:186} INFO - Started process (PID=1204) to work on /opt/airflow/dags/nyc_jobs_pipeline_dag.py
[2026-02-14T13:06:55.611+0000] {processor.py:914} INFO - Processing file /opt/airflow/dags/nyc_jobs_pipeline_dag.py for tasks to queue
[2026-02-14T13:06:55.613+0000] {logging_mixin.py:190} INFO - [2026-02-14T13:06:55.613+0000] {dagbag.py:588} INFO - Filling up the DagBag from /opt/airflow/dags/nyc_jobs_pipeline_dag.py
[2026-02-14T13:06:56.196+0000] {processor.py:925} INFO - DAG(s) 'nyc_jobs_pipeline' retrieved from /opt/airflow/dags/nyc_jobs_pipeline_dag.py
[2026-02-14T13:06:56.211+0000] {logging_mixin.py:190} INFO - [2026-02-14T13:06:56.211+0000] {dag.py:3239} INFO - Sync 1 DAGs
[2026-02-14T13:06:56.231+0000] {logging_mixin.py:190} INFO - [2026-02-14T13:06:56.231+0000] {dag.py:4180} INFO - Setting next_dagrun for nyc_jobs_pipeline to 2026-02-14 00:00:00+00:00, run_after=2026-02-15 00:00:00+00:00
[2026-02-14T13:06:56.251+0000] {processor.py:208} INFO - Processing /opt/airflow/dags/nyc_jobs_pipeline_dag.py took 0.646 seconds
[2026-02-14T13:07:26.366+0000] {processor.py:186} INFO - Started process (PID=1215) to work on /opt/airflow/dags/nyc_jobs_pipeline_dag.py
[2026-02-14T13:07:26.367+0000] {processor.py:914} INFO - Processing file /opt/airflow/dags/nyc_jobs_pipeline_dag.py for tasks to queue
[2026-02-14T13:07:26.370+0000] {logging_mixin.py:190} INFO - [2026-02-14T13:07:26.369+0000] {dagbag.py:588} INFO - Filling up the DagBag from /opt/airflow/dags/nyc_jobs_pipeline_dag.py
[2026-02-14T13:07:26.949+0000] {processor.py:925} INFO - DAG(s) 'nyc_jobs_pipeline' retrieved from /opt/airflow/dags/nyc_jobs_pipeline_dag.py
[2026-02-14T13:07:26.962+0000] {logging_mixin.py:190} INFO - [2026-02-14T13:07:26.962+0000] {dag.py:3239} INFO - Sync 1 DAGs
[2026-02-14T13:07:26.980+0000] {logging_mixin.py:190} INFO - [2026-02-14T13:07:26.980+0000] {dag.py:4180} INFO - Setting next_dagrun for nyc_jobs_pipeline to 2026-02-14 00:00:00+00:00, run_after=2026-02-15 00:00:00+00:00
[2026-02-14T13:07:26.995+0000] {processor.py:208} INFO - Processing /opt/airflow/dags/nyc_jobs_pipeline_dag.py took 0.635 seconds
[2026-02-14T13:07:57.123+0000] {processor.py:186} INFO - Started process (PID=1226) to work on /opt/airflow/dags/nyc_jobs_pipeline_dag.py
[2026-02-14T13:07:57.124+0000] {processor.py:914} INFO - Processing file /opt/airflow/dags/nyc_jobs_pipeline_dag.py for tasks to queue
[2026-02-14T13:07:57.127+0000] {logging_mixin.py:190} INFO - [2026-02-14T13:07:57.127+0000] {dagbag.py:588} INFO - Filling up the DagBag from /opt/airflow/dags/nyc_jobs_pipeline_dag.py
[2026-02-14T13:07:57.903+0000] {processor.py:925} INFO - DAG(s) 'nyc_jobs_pipeline' retrieved from /opt/airflow/dags/nyc_jobs_pipeline_dag.py
[2026-02-14T13:07:57.917+0000] {logging_mixin.py:190} INFO - [2026-02-14T13:07:57.917+0000] {dag.py:3239} INFO - Sync 1 DAGs
[2026-02-14T13:07:57.935+0000] {logging_mixin.py:190} INFO - [2026-02-14T13:07:57.935+0000] {dag.py:4180} INFO - Setting next_dagrun for nyc_jobs_pipeline to 2026-02-14 00:00:00+00:00, run_after=2026-02-15 00:00:00+00:00
[2026-02-14T13:07:57.954+0000] {processor.py:208} INFO - Processing /opt/airflow/dags/nyc_jobs_pipeline_dag.py took 0.838 seconds
[2026-02-14T13:08:28.065+0000] {processor.py:186} INFO - Started process (PID=1237) to work on /opt/airflow/dags/nyc_jobs_pipeline_dag.py
[2026-02-14T13:08:28.066+0000] {processor.py:914} INFO - Processing file /opt/airflow/dags/nyc_jobs_pipeline_dag.py for tasks to queue
[2026-02-14T13:08:28.069+0000] {logging_mixin.py:190} INFO - [2026-02-14T13:08:28.068+0000] {dagbag.py:588} INFO - Filling up the DagBag from /opt/airflow/dags/nyc_jobs_pipeline_dag.py
[2026-02-14T13:08:28.776+0000] {processor.py:925} INFO - DAG(s) 'nyc_jobs_pipeline' retrieved from /opt/airflow/dags/nyc_jobs_pipeline_dag.py
[2026-02-14T13:08:28.792+0000] {logging_mixin.py:190} INFO - [2026-02-14T13:08:28.791+0000] {dag.py:3239} INFO - Sync 1 DAGs
[2026-02-14T13:08:28.808+0000] {logging_mixin.py:190} INFO - [2026-02-14T13:08:28.807+0000] {dag.py:4180} INFO - Setting next_dagrun for nyc_jobs_pipeline to 2026-02-14 00:00:00+00:00, run_after=2026-02-15 00:00:00+00:00
[2026-02-14T13:08:28.827+0000] {processor.py:208} INFO - Processing /opt/airflow/dags/nyc_jobs_pipeline_dag.py took 0.768 seconds
[2026-02-14T13:08:59.036+0000] {processor.py:186} INFO - Started process (PID=1248) to work on /opt/airflow/dags/nyc_jobs_pipeline_dag.py
[2026-02-14T13:08:59.038+0000] {processor.py:914} INFO - Processing file /opt/airflow/dags/nyc_jobs_pipeline_dag.py for tasks to queue
[2026-02-14T13:08:59.040+0000] {logging_mixin.py:190} INFO - [2026-02-14T13:08:59.040+0000] {dagbag.py:588} INFO - Filling up the DagBag from /opt/airflow/dags/nyc_jobs_pipeline_dag.py
[2026-02-14T13:08:59.643+0000] {processor.py:925} INFO - DAG(s) 'nyc_jobs_pipeline' retrieved from /opt/airflow/dags/nyc_jobs_pipeline_dag.py
[2026-02-14T13:08:59.658+0000] {logging_mixin.py:190} INFO - [2026-02-14T13:08:59.657+0000] {dag.py:3239} INFO - Sync 1 DAGs
[2026-02-14T13:08:59.673+0000] {logging_mixin.py:190} INFO - [2026-02-14T13:08:59.673+0000] {dag.py:4180} INFO - Setting next_dagrun for nyc_jobs_pipeline to 2026-02-14 00:00:00+00:00, run_after=2026-02-15 00:00:00+00:00
[2026-02-14T13:08:59.689+0000] {processor.py:208} INFO - Processing /opt/airflow/dags/nyc_jobs_pipeline_dag.py took 0.658 seconds
[2026-02-14T13:09:29.847+0000] {processor.py:186} INFO - Started process (PID=1260) to work on /opt/airflow/dags/nyc_jobs_pipeline_dag.py
[2026-02-14T13:09:29.848+0000] {processor.py:914} INFO - Processing file /opt/airflow/dags/nyc_jobs_pipeline_dag.py for tasks to queue
[2026-02-14T13:09:29.851+0000] {logging_mixin.py:190} INFO - [2026-02-14T13:09:29.851+0000] {dagbag.py:588} INFO - Filling up the DagBag from /opt/airflow/dags/nyc_jobs_pipeline_dag.py
[2026-02-14T13:09:30.808+0000] {processor.py:925} INFO - DAG(s) 'nyc_jobs_pipeline' retrieved from /opt/airflow/dags/nyc_jobs_pipeline_dag.py
[2026-02-14T13:09:30.825+0000] {logging_mixin.py:190} INFO - [2026-02-14T13:09:30.824+0000] {dag.py:3239} INFO - Sync 1 DAGs
[2026-02-14T13:09:30.845+0000] {logging_mixin.py:190} INFO - [2026-02-14T13:09:30.844+0000] {dag.py:4180} INFO - Setting next_dagrun for nyc_jobs_pipeline to 2026-02-14 00:00:00+00:00, run_after=2026-02-15 00:00:00+00:00
[2026-02-14T13:09:30.866+0000] {processor.py:208} INFO - Processing /opt/airflow/dags/nyc_jobs_pipeline_dag.py took 1.026 seconds
[2026-02-14T13:10:00.992+0000] {processor.py:186} INFO - Started process (PID=1271) to work on /opt/airflow/dags/nyc_jobs_pipeline_dag.py
[2026-02-14T13:10:00.993+0000] {processor.py:914} INFO - Processing file /opt/airflow/dags/nyc_jobs_pipeline_dag.py for tasks to queue
[2026-02-14T13:10:00.995+0000] {logging_mixin.py:190} INFO - [2026-02-14T13:10:00.995+0000] {dagbag.py:588} INFO - Filling up the DagBag from /opt/airflow/dags/nyc_jobs_pipeline_dag.py
[2026-02-14T13:10:01.592+0000] {processor.py:925} INFO - DAG(s) 'nyc_jobs_pipeline' retrieved from /opt/airflow/dags/nyc_jobs_pipeline_dag.py
[2026-02-14T13:10:01.605+0000] {logging_mixin.py:190} INFO - [2026-02-14T13:10:01.604+0000] {dag.py:3239} INFO - Sync 1 DAGs
[2026-02-14T13:10:01.623+0000] {logging_mixin.py:190} INFO - [2026-02-14T13:10:01.622+0000] {dag.py:4180} INFO - Setting next_dagrun for nyc_jobs_pipeline to 2026-02-14 00:00:00+00:00, run_after=2026-02-15 00:00:00+00:00
[2026-02-14T13:10:01.640+0000] {processor.py:208} INFO - Processing /opt/airflow/dags/nyc_jobs_pipeline_dag.py took 0.653 seconds
[2026-02-14T13:10:31.716+0000] {processor.py:186} INFO - Started process (PID=1283) to work on /opt/airflow/dags/nyc_jobs_pipeline_dag.py
[2026-02-14T13:10:31.717+0000] {processor.py:914} INFO - Processing file /opt/airflow/dags/nyc_jobs_pipeline_dag.py for tasks to queue
[2026-02-14T13:10:31.720+0000] {logging_mixin.py:190} INFO - [2026-02-14T13:10:31.720+0000] {dagbag.py:588} INFO - Filling up the DagBag from /opt/airflow/dags/nyc_jobs_pipeline_dag.py
[2026-02-14T13:10:32.542+0000] {processor.py:925} INFO - DAG(s) 'nyc_jobs_pipeline' retrieved from /opt/airflow/dags/nyc_jobs_pipeline_dag.py
[2026-02-14T13:10:32.555+0000] {logging_mixin.py:190} INFO - [2026-02-14T13:10:32.555+0000] {dag.py:3239} INFO - Sync 1 DAGs
[2026-02-14T13:10:32.572+0000] {logging_mixin.py:190} INFO - [2026-02-14T13:10:32.572+0000] {dag.py:4180} INFO - Setting next_dagrun for nyc_jobs_pipeline to 2026-02-14 00:00:00+00:00, run_after=2026-02-15 00:00:00+00:00
[2026-02-14T13:10:32.586+0000] {processor.py:208} INFO - Processing /opt/airflow/dags/nyc_jobs_pipeline_dag.py took 0.878 seconds
[2026-02-14T13:11:02.749+0000] {processor.py:186} INFO - Started process (PID=1294) to work on /opt/airflow/dags/nyc_jobs_pipeline_dag.py
[2026-02-14T13:11:02.751+0000] {processor.py:914} INFO - Processing file /opt/airflow/dags/nyc_jobs_pipeline_dag.py for tasks to queue
[2026-02-14T13:11:02.753+0000] {logging_mixin.py:190} INFO - [2026-02-14T13:11:02.753+0000] {dagbag.py:588} INFO - Filling up the DagBag from /opt/airflow/dags/nyc_jobs_pipeline_dag.py
[2026-02-14T13:11:03.350+0000] {processor.py:925} INFO - DAG(s) 'nyc_jobs_pipeline' retrieved from /opt/airflow/dags/nyc_jobs_pipeline_dag.py
[2026-02-14T13:11:03.365+0000] {logging_mixin.py:190} INFO - [2026-02-14T13:11:03.365+0000] {dag.py:3239} INFO - Sync 1 DAGs
[2026-02-14T13:11:03.383+0000] {logging_mixin.py:190} INFO - [2026-02-14T13:11:03.382+0000] {dag.py:4180} INFO - Setting next_dagrun for nyc_jobs_pipeline to 2026-02-14 00:00:00+00:00, run_after=2026-02-15 00:00:00+00:00
[2026-02-14T13:11:03.403+0000] {processor.py:208} INFO - Processing /opt/airflow/dags/nyc_jobs_pipeline_dag.py took 0.661 seconds
[2026-02-14T13:11:33.545+0000] {processor.py:186} INFO - Started process (PID=1305) to work on /opt/airflow/dags/nyc_jobs_pipeline_dag.py
[2026-02-14T13:11:33.546+0000] {processor.py:914} INFO - Processing file /opt/airflow/dags/nyc_jobs_pipeline_dag.py for tasks to queue
[2026-02-14T13:11:33.549+0000] {logging_mixin.py:190} INFO - [2026-02-14T13:11:33.548+0000] {dagbag.py:588} INFO - Filling up the DagBag from /opt/airflow/dags/nyc_jobs_pipeline_dag.py
[2026-02-14T13:11:34.362+0000] {processor.py:925} INFO - DAG(s) 'nyc_jobs_pipeline' retrieved from /opt/airflow/dags/nyc_jobs_pipeline_dag.py
[2026-02-14T13:11:34.377+0000] {logging_mixin.py:190} INFO - [2026-02-14T13:11:34.377+0000] {dag.py:3239} INFO - Sync 1 DAGs
[2026-02-14T13:11:34.396+0000] {logging_mixin.py:190} INFO - [2026-02-14T13:11:34.396+0000] {dag.py:4180} INFO - Setting next_dagrun for nyc_jobs_pipeline to 2026-02-14 00:00:00+00:00, run_after=2026-02-15 00:00:00+00:00
[2026-02-14T13:11:34.417+0000] {processor.py:208} INFO - Processing /opt/airflow/dags/nyc_jobs_pipeline_dag.py took 0.878 seconds
[2026-02-14T13:12:04.563+0000] {processor.py:186} INFO - Started process (PID=1316) to work on /opt/airflow/dags/nyc_jobs_pipeline_dag.py
[2026-02-14T13:12:04.564+0000] {processor.py:914} INFO - Processing file /opt/airflow/dags/nyc_jobs_pipeline_dag.py for tasks to queue
[2026-02-14T13:12:04.566+0000] {logging_mixin.py:190} INFO - [2026-02-14T13:12:04.566+0000] {dagbag.py:588} INFO - Filling up the DagBag from /opt/airflow/dags/nyc_jobs_pipeline_dag.py
[2026-02-14T13:12:05.191+0000] {processor.py:925} INFO - DAG(s) 'nyc_jobs_pipeline' retrieved from /opt/airflow/dags/nyc_jobs_pipeline_dag.py
[2026-02-14T13:12:05.206+0000] {logging_mixin.py:190} INFO - [2026-02-14T13:12:05.206+0000] {dag.py:3239} INFO - Sync 1 DAGs
[2026-02-14T13:12:05.224+0000] {logging_mixin.py:190} INFO - [2026-02-14T13:12:05.224+0000] {dag.py:4180} INFO - Setting next_dagrun for nyc_jobs_pipeline to 2026-02-14 00:00:00+00:00, run_after=2026-02-15 00:00:00+00:00
[2026-02-14T13:12:05.244+0000] {processor.py:208} INFO - Processing /opt/airflow/dags/nyc_jobs_pipeline_dag.py took 0.686 seconds
[2026-02-14T13:12:35.379+0000] {processor.py:186} INFO - Started process (PID=1327) to work on /opt/airflow/dags/nyc_jobs_pipeline_dag.py
[2026-02-14T13:12:35.380+0000] {processor.py:914} INFO - Processing file /opt/airflow/dags/nyc_jobs_pipeline_dag.py for tasks to queue
[2026-02-14T13:12:35.382+0000] {logging_mixin.py:190} INFO - [2026-02-14T13:12:35.382+0000] {dagbag.py:588} INFO - Filling up the DagBag from /opt/airflow/dags/nyc_jobs_pipeline_dag.py
[2026-02-14T13:12:36.115+0000] {processor.py:925} INFO - DAG(s) 'nyc_jobs_pipeline' retrieved from /opt/airflow/dags/nyc_jobs_pipeline_dag.py
[2026-02-14T13:12:36.130+0000] {logging_mixin.py:190} INFO - [2026-02-14T13:12:36.129+0000] {dag.py:3239} INFO - Sync 1 DAGs
[2026-02-14T13:12:36.146+0000] {logging_mixin.py:190} INFO - [2026-02-14T13:12:36.146+0000] {dag.py:4180} INFO - Setting next_dagrun for nyc_jobs_pipeline to 2026-02-14 00:00:00+00:00, run_after=2026-02-15 00:00:00+00:00
[2026-02-14T13:12:36.164+0000] {processor.py:208} INFO - Processing /opt/airflow/dags/nyc_jobs_pipeline_dag.py took 0.793 seconds
[2026-02-14T13:13:06.415+0000] {processor.py:186} INFO - Started process (PID=1338) to work on /opt/airflow/dags/nyc_jobs_pipeline_dag.py
[2026-02-14T13:13:06.416+0000] {processor.py:914} INFO - Processing file /opt/airflow/dags/nyc_jobs_pipeline_dag.py for tasks to queue
[2026-02-14T13:13:06.418+0000] {logging_mixin.py:190} INFO - [2026-02-14T13:13:06.418+0000] {dagbag.py:588} INFO - Filling up the DagBag from /opt/airflow/dags/nyc_jobs_pipeline_dag.py
[2026-02-14T13:13:06.972+0000] {processor.py:925} INFO - DAG(s) 'nyc_jobs_pipeline' retrieved from /opt/airflow/dags/nyc_jobs_pipeline_dag.py
[2026-02-14T13:13:06.987+0000] {logging_mixin.py:190} INFO - [2026-02-14T13:13:06.987+0000] {dag.py:3239} INFO - Sync 1 DAGs
[2026-02-14T13:13:07.004+0000] {logging_mixin.py:190} INFO - [2026-02-14T13:13:07.004+0000] {dag.py:4180} INFO - Setting next_dagrun for nyc_jobs_pipeline to 2026-02-14 00:00:00+00:00, run_after=2026-02-15 00:00:00+00:00
[2026-02-14T13:13:07.022+0000] {processor.py:208} INFO - Processing /opt/airflow/dags/nyc_jobs_pipeline_dag.py took 0.612 seconds
[2026-02-14T13:13:37.458+0000] {processor.py:186} INFO - Started process (PID=1349) to work on /opt/airflow/dags/nyc_jobs_pipeline_dag.py
[2026-02-14T13:13:37.461+0000] {processor.py:914} INFO - Processing file /opt/airflow/dags/nyc_jobs_pipeline_dag.py for tasks to queue
[2026-02-14T13:13:37.467+0000] {logging_mixin.py:190} INFO - [2026-02-14T13:13:37.467+0000] {dagbag.py:588} INFO - Filling up the DagBag from /opt/airflow/dags/nyc_jobs_pipeline_dag.py
[2026-02-14T13:13:38.845+0000] {processor.py:925} INFO - DAG(s) 'nyc_jobs_pipeline' retrieved from /opt/airflow/dags/nyc_jobs_pipeline_dag.py
[2026-02-14T13:13:38.865+0000] {logging_mixin.py:190} INFO - [2026-02-14T13:13:38.865+0000] {dag.py:3239} INFO - Sync 1 DAGs
[2026-02-14T13:13:38.884+0000] {logging_mixin.py:190} INFO - [2026-02-14T13:13:38.884+0000] {dag.py:4180} INFO - Setting next_dagrun for nyc_jobs_pipeline to 2026-02-14 00:00:00+00:00, run_after=2026-02-15 00:00:00+00:00
[2026-02-14T13:13:38.901+0000] {processor.py:208} INFO - Processing /opt/airflow/dags/nyc_jobs_pipeline_dag.py took 1.456 seconds
[2026-02-14T13:14:09.141+0000] {processor.py:186} INFO - Started process (PID=1360) to work on /opt/airflow/dags/nyc_jobs_pipeline_dag.py
[2026-02-14T13:14:09.142+0000] {processor.py:914} INFO - Processing file /opt/airflow/dags/nyc_jobs_pipeline_dag.py for tasks to queue
[2026-02-14T13:14:09.145+0000] {logging_mixin.py:190} INFO - [2026-02-14T13:14:09.145+0000] {dagbag.py:588} INFO - Filling up the DagBag from /opt/airflow/dags/nyc_jobs_pipeline_dag.py
[2026-02-14T13:14:09.844+0000] {processor.py:925} INFO - DAG(s) 'nyc_jobs_pipeline' retrieved from /opt/airflow/dags/nyc_jobs_pipeline_dag.py
[2026-02-14T13:14:09.859+0000] {logging_mixin.py:190} INFO - [2026-02-14T13:14:09.859+0000] {dag.py:3239} INFO - Sync 1 DAGs
[2026-02-14T13:14:09.878+0000] {logging_mixin.py:190} INFO - [2026-02-14T13:14:09.878+0000] {dag.py:4180} INFO - Setting next_dagrun for nyc_jobs_pipeline to 2026-02-14 00:00:00+00:00, run_after=2026-02-15 00:00:00+00:00
[2026-02-14T13:14:09.914+0000] {processor.py:208} INFO - Processing /opt/airflow/dags/nyc_jobs_pipeline_dag.py took 0.779 seconds
[2026-02-14T13:14:40.094+0000] {processor.py:186} INFO - Started process (PID=1371) to work on /opt/airflow/dags/nyc_jobs_pipeline_dag.py
[2026-02-14T13:14:40.098+0000] {processor.py:914} INFO - Processing file /opt/airflow/dags/nyc_jobs_pipeline_dag.py for tasks to queue
[2026-02-14T13:14:40.101+0000] {logging_mixin.py:190} INFO - [2026-02-14T13:14:40.101+0000] {dagbag.py:588} INFO - Filling up the DagBag from /opt/airflow/dags/nyc_jobs_pipeline_dag.py
[2026-02-14T13:14:41.084+0000] {processor.py:925} INFO - DAG(s) 'nyc_jobs_pipeline' retrieved from /opt/airflow/dags/nyc_jobs_pipeline_dag.py
[2026-02-14T13:14:41.103+0000] {logging_mixin.py:190} INFO - [2026-02-14T13:14:41.103+0000] {dag.py:3239} INFO - Sync 1 DAGs
[2026-02-14T13:14:41.122+0000] {logging_mixin.py:190} INFO - [2026-02-14T13:14:41.122+0000] {dag.py:4180} INFO - Setting next_dagrun for nyc_jobs_pipeline to 2026-02-14 00:00:00+00:00, run_after=2026-02-15 00:00:00+00:00
[2026-02-14T13:14:41.149+0000] {processor.py:208} INFO - Processing /opt/airflow/dags/nyc_jobs_pipeline_dag.py took 1.063 seconds
[2026-02-14T13:15:11.746+0000] {processor.py:186} INFO - Started process (PID=1382) to work on /opt/airflow/dags/nyc_jobs_pipeline_dag.py
[2026-02-14T13:15:11.747+0000] {processor.py:914} INFO - Processing file /opt/airflow/dags/nyc_jobs_pipeline_dag.py for tasks to queue
[2026-02-14T13:15:11.748+0000] {logging_mixin.py:190} INFO - [2026-02-14T13:15:11.748+0000] {dagbag.py:588} INFO - Filling up the DagBag from /opt/airflow/dags/nyc_jobs_pipeline_dag.py
[2026-02-14T13:15:12.260+0000] {processor.py:925} INFO - DAG(s) 'nyc_jobs_pipeline' retrieved from /opt/airflow/dags/nyc_jobs_pipeline_dag.py
[2026-02-14T13:15:12.274+0000] {logging_mixin.py:190} INFO - [2026-02-14T13:15:12.274+0000] {dag.py:3239} INFO - Sync 1 DAGs
[2026-02-14T13:15:12.290+0000] {logging_mixin.py:190} INFO - [2026-02-14T13:15:12.290+0000] {dag.py:4180} INFO - Setting next_dagrun for nyc_jobs_pipeline to 2026-02-14 00:00:00+00:00, run_after=2026-02-15 00:00:00+00:00
[2026-02-14T13:15:12.308+0000] {processor.py:208} INFO - Processing /opt/airflow/dags/nyc_jobs_pipeline_dag.py took 0.567 seconds
[2026-02-14T13:15:42.410+0000] {processor.py:186} INFO - Started process (PID=1393) to work on /opt/airflow/dags/nyc_jobs_pipeline_dag.py
[2026-02-14T13:15:42.411+0000] {processor.py:914} INFO - Processing file /opt/airflow/dags/nyc_jobs_pipeline_dag.py for tasks to queue
[2026-02-14T13:15:42.414+0000] {logging_mixin.py:190} INFO - [2026-02-14T13:15:42.414+0000] {dagbag.py:588} INFO - Filling up the DagBag from /opt/airflow/dags/nyc_jobs_pipeline_dag.py
[2026-02-14T13:15:43.120+0000] {processor.py:925} INFO - DAG(s) 'nyc_jobs_pipeline' retrieved from /opt/airflow/dags/nyc_jobs_pipeline_dag.py
[2026-02-14T13:15:43.134+0000] {logging_mixin.py:190} INFO - [2026-02-14T13:15:43.134+0000] {dag.py:3239} INFO - Sync 1 DAGs
[2026-02-14T13:15:43.152+0000] {logging_mixin.py:190} INFO - [2026-02-14T13:15:43.152+0000] {dag.py:4180} INFO - Setting next_dagrun for nyc_jobs_pipeline to 2026-02-14 00:00:00+00:00, run_after=2026-02-15 00:00:00+00:00
[2026-02-14T13:15:43.170+0000] {processor.py:208} INFO - Processing /opt/airflow/dags/nyc_jobs_pipeline_dag.py took 0.766 seconds
[2026-02-14T13:16:13.352+0000] {processor.py:186} INFO - Started process (PID=1404) to work on /opt/airflow/dags/nyc_jobs_pipeline_dag.py
[2026-02-14T13:16:13.353+0000] {processor.py:914} INFO - Processing file /opt/airflow/dags/nyc_jobs_pipeline_dag.py for tasks to queue
[2026-02-14T13:16:13.355+0000] {logging_mixin.py:190} INFO - [2026-02-14T13:16:13.355+0000] {dagbag.py:588} INFO - Filling up the DagBag from /opt/airflow/dags/nyc_jobs_pipeline_dag.py
[2026-02-14T13:16:13.885+0000] {processor.py:925} INFO - DAG(s) 'nyc_jobs_pipeline' retrieved from /opt/airflow/dags/nyc_jobs_pipeline_dag.py
[2026-02-14T13:16:13.898+0000] {logging_mixin.py:190} INFO - [2026-02-14T13:16:13.897+0000] {dag.py:3239} INFO - Sync 1 DAGs
[2026-02-14T13:16:13.914+0000] {logging_mixin.py:190} INFO - [2026-02-14T13:16:13.914+0000] {dag.py:4180} INFO - Setting next_dagrun for nyc_jobs_pipeline to 2026-02-14 00:00:00+00:00, run_after=2026-02-15 00:00:00+00:00
[2026-02-14T13:16:13.929+0000] {processor.py:208} INFO - Processing /opt/airflow/dags/nyc_jobs_pipeline_dag.py took 0.583 seconds
[2026-02-14T13:16:44.028+0000] {processor.py:186} INFO - Started process (PID=1415) to work on /opt/airflow/dags/nyc_jobs_pipeline_dag.py
[2026-02-14T13:16:44.030+0000] {processor.py:914} INFO - Processing file /opt/airflow/dags/nyc_jobs_pipeline_dag.py for tasks to queue
[2026-02-14T13:16:44.033+0000] {logging_mixin.py:190} INFO - [2026-02-14T13:16:44.033+0000] {dagbag.py:588} INFO - Filling up the DagBag from /opt/airflow/dags/nyc_jobs_pipeline_dag.py
[2026-02-14T13:16:45.593+0000] {processor.py:925} INFO - DAG(s) 'nyc_jobs_pipeline' retrieved from /opt/airflow/dags/nyc_jobs_pipeline_dag.py
[2026-02-14T13:16:45.631+0000] {logging_mixin.py:190} INFO - [2026-02-14T13:16:45.629+0000] {dag.py:3239} INFO - Sync 1 DAGs
[2026-02-14T13:16:45.661+0000] {logging_mixin.py:190} INFO - [2026-02-14T13:16:45.661+0000] {dag.py:4180} INFO - Setting next_dagrun for nyc_jobs_pipeline to 2026-02-14 00:00:00+00:00, run_after=2026-02-15 00:00:00+00:00
[2026-02-14T13:16:45.690+0000] {processor.py:208} INFO - Processing /opt/airflow/dags/nyc_jobs_pipeline_dag.py took 1.671 seconds
[2026-02-14T13:17:16.513+0000] {processor.py:186} INFO - Started process (PID=1426) to work on /opt/airflow/dags/nyc_jobs_pipeline_dag.py
[2026-02-14T13:17:16.515+0000] {processor.py:914} INFO - Processing file /opt/airflow/dags/nyc_jobs_pipeline_dag.py for tasks to queue
[2026-02-14T13:17:16.519+0000] {logging_mixin.py:190} INFO - [2026-02-14T13:17:16.519+0000] {dagbag.py:588} INFO - Filling up the DagBag from /opt/airflow/dags/nyc_jobs_pipeline_dag.py
[2026-02-14T13:17:17.387+0000] {processor.py:925} INFO - DAG(s) 'nyc_jobs_pipeline' retrieved from /opt/airflow/dags/nyc_jobs_pipeline_dag.py
[2026-02-14T13:17:17.407+0000] {logging_mixin.py:190} INFO - [2026-02-14T13:17:17.406+0000] {dag.py:3239} INFO - Sync 1 DAGs
[2026-02-14T13:17:17.437+0000] {logging_mixin.py:190} INFO - [2026-02-14T13:17:17.437+0000] {dag.py:4180} INFO - Setting next_dagrun for nyc_jobs_pipeline to 2026-02-14 00:00:00+00:00, run_after=2026-02-15 00:00:00+00:00
[2026-02-14T13:17:17.537+0000] {processor.py:208} INFO - Processing /opt/airflow/dags/nyc_jobs_pipeline_dag.py took 1.034 seconds
[2026-02-14T13:17:47.729+0000] {processor.py:186} INFO - Started process (PID=1437) to work on /opt/airflow/dags/nyc_jobs_pipeline_dag.py
[2026-02-14T13:17:47.731+0000] {processor.py:914} INFO - Processing file /opt/airflow/dags/nyc_jobs_pipeline_dag.py for tasks to queue
[2026-02-14T13:17:47.734+0000] {logging_mixin.py:190} INFO - [2026-02-14T13:17:47.734+0000] {dagbag.py:588} INFO - Filling up the DagBag from /opt/airflow/dags/nyc_jobs_pipeline_dag.py
[2026-02-14T13:17:48.867+0000] {processor.py:925} INFO - DAG(s) 'nyc_jobs_pipeline' retrieved from /opt/airflow/dags/nyc_jobs_pipeline_dag.py
[2026-02-14T13:17:48.886+0000] {logging_mixin.py:190} INFO - [2026-02-14T13:17:48.885+0000] {dag.py:3239} INFO - Sync 1 DAGs
[2026-02-14T13:17:48.915+0000] {logging_mixin.py:190} INFO - [2026-02-14T13:17:48.915+0000] {dag.py:4180} INFO - Setting next_dagrun for nyc_jobs_pipeline to 2026-02-14 00:00:00+00:00, run_after=2026-02-15 00:00:00+00:00
[2026-02-14T13:17:48.946+0000] {processor.py:208} INFO - Processing /opt/airflow/dags/nyc_jobs_pipeline_dag.py took 1.226 seconds
[2026-02-14T13:18:19.231+0000] {processor.py:186} INFO - Started process (PID=1448) to work on /opt/airflow/dags/nyc_jobs_pipeline_dag.py
[2026-02-14T13:18:19.233+0000] {processor.py:914} INFO - Processing file /opt/airflow/dags/nyc_jobs_pipeline_dag.py for tasks to queue
[2026-02-14T13:18:19.237+0000] {logging_mixin.py:190} INFO - [2026-02-14T13:18:19.236+0000] {dagbag.py:588} INFO - Filling up the DagBag from /opt/airflow/dags/nyc_jobs_pipeline_dag.py
[2026-02-14T13:18:20.851+0000] {processor.py:925} INFO - DAG(s) 'nyc_jobs_pipeline' retrieved from /opt/airflow/dags/nyc_jobs_pipeline_dag.py
[2026-02-14T13:18:20.874+0000] {logging_mixin.py:190} INFO - [2026-02-14T13:18:20.873+0000] {dag.py:3239} INFO - Sync 1 DAGs
[2026-02-14T13:18:20.915+0000] {logging_mixin.py:190} INFO - [2026-02-14T13:18:20.914+0000] {dag.py:4180} INFO - Setting next_dagrun for nyc_jobs_pipeline to 2026-02-14 00:00:00+00:00, run_after=2026-02-15 00:00:00+00:00
[2026-02-14T13:18:20.979+0000] {processor.py:208} INFO - Processing /opt/airflow/dags/nyc_jobs_pipeline_dag.py took 1.433 seconds
[2026-02-14T13:18:51.688+0000] {processor.py:186} INFO - Started process (PID=1459) to work on /opt/airflow/dags/nyc_jobs_pipeline_dag.py
[2026-02-14T13:18:51.691+0000] {processor.py:914} INFO - Processing file /opt/airflow/dags/nyc_jobs_pipeline_dag.py for tasks to queue
[2026-02-14T13:18:51.696+0000] {logging_mixin.py:190} INFO - [2026-02-14T13:18:51.695+0000] {dagbag.py:588} INFO - Filling up the DagBag from /opt/airflow/dags/nyc_jobs_pipeline_dag.py
[2026-02-14T13:18:53.287+0000] {processor.py:925} INFO - DAG(s) 'nyc_jobs_pipeline' retrieved from /opt/airflow/dags/nyc_jobs_pipeline_dag.py
[2026-02-14T13:18:53.314+0000] {logging_mixin.py:190} INFO - [2026-02-14T13:18:53.314+0000] {dag.py:3239} INFO - Sync 1 DAGs
[2026-02-14T13:18:53.351+0000] {logging_mixin.py:190} INFO - [2026-02-14T13:18:53.351+0000] {dag.py:4180} INFO - Setting next_dagrun for nyc_jobs_pipeline to 2026-02-14 00:00:00+00:00, run_after=2026-02-15 00:00:00+00:00
[2026-02-14T13:18:53.381+0000] {processor.py:208} INFO - Processing /opt/airflow/dags/nyc_jobs_pipeline_dag.py took 1.301 seconds
[2026-02-14T13:19:23.582+0000] {processor.py:186} INFO - Started process (PID=1470) to work on /opt/airflow/dags/nyc_jobs_pipeline_dag.py
[2026-02-14T13:19:23.583+0000] {processor.py:914} INFO - Processing file /opt/airflow/dags/nyc_jobs_pipeline_dag.py for tasks to queue
[2026-02-14T13:19:23.587+0000] {logging_mixin.py:190} INFO - [2026-02-14T13:19:23.587+0000] {dagbag.py:588} INFO - Filling up the DagBag from /opt/airflow/dags/nyc_jobs_pipeline_dag.py
[2026-02-14T13:19:24.412+0000] {processor.py:925} INFO - DAG(s) 'nyc_jobs_pipeline' retrieved from /opt/airflow/dags/nyc_jobs_pipeline_dag.py
[2026-02-14T13:19:24.431+0000] {logging_mixin.py:190} INFO - [2026-02-14T13:19:24.431+0000] {dag.py:3239} INFO - Sync 1 DAGs
[2026-02-14T13:19:24.452+0000] {logging_mixin.py:190} INFO - [2026-02-14T13:19:24.452+0000] {dag.py:4180} INFO - Setting next_dagrun for nyc_jobs_pipeline to 2026-02-14 00:00:00+00:00, run_after=2026-02-15 00:00:00+00:00
[2026-02-14T13:19:24.544+0000] {processor.py:208} INFO - Processing /opt/airflow/dags/nyc_jobs_pipeline_dag.py took 0.971 seconds
[2026-02-14T13:19:54.688+0000] {processor.py:186} INFO - Started process (PID=1481) to work on /opt/airflow/dags/nyc_jobs_pipeline_dag.py
[2026-02-14T13:19:54.690+0000] {processor.py:914} INFO - Processing file /opt/airflow/dags/nyc_jobs_pipeline_dag.py for tasks to queue
[2026-02-14T13:19:54.693+0000] {logging_mixin.py:190} INFO - [2026-02-14T13:19:54.693+0000] {dagbag.py:588} INFO - Filling up the DagBag from /opt/airflow/dags/nyc_jobs_pipeline_dag.py
[2026-02-14T13:19:55.666+0000] {processor.py:925} INFO - DAG(s) 'nyc_jobs_pipeline' retrieved from /opt/airflow/dags/nyc_jobs_pipeline_dag.py
[2026-02-14T13:19:55.693+0000] {logging_mixin.py:190} INFO - [2026-02-14T13:19:55.693+0000] {dag.py:3239} INFO - Sync 1 DAGs
[2026-02-14T13:19:55.718+0000] {logging_mixin.py:190} INFO - [2026-02-14T13:19:55.718+0000] {dag.py:4180} INFO - Setting next_dagrun for nyc_jobs_pipeline to 2026-02-14 00:00:00+00:00, run_after=2026-02-15 00:00:00+00:00
[2026-02-14T13:19:55.816+0000] {processor.py:208} INFO - Processing /opt/airflow/dags/nyc_jobs_pipeline_dag.py took 1.135 seconds
[2026-02-14T13:20:26.028+0000] {processor.py:186} INFO - Started process (PID=1492) to work on /opt/airflow/dags/nyc_jobs_pipeline_dag.py
[2026-02-14T13:20:26.030+0000] {processor.py:914} INFO - Processing file /opt/airflow/dags/nyc_jobs_pipeline_dag.py for tasks to queue
[2026-02-14T13:20:26.034+0000] {logging_mixin.py:190} INFO - [2026-02-14T13:20:26.034+0000] {dagbag.py:588} INFO - Filling up the DagBag from /opt/airflow/dags/nyc_jobs_pipeline_dag.py
[2026-02-14T13:20:27.302+0000] {processor.py:925} INFO - DAG(s) 'nyc_jobs_pipeline' retrieved from /opt/airflow/dags/nyc_jobs_pipeline_dag.py
[2026-02-14T13:20:27.323+0000] {logging_mixin.py:190} INFO - [2026-02-14T13:20:27.323+0000] {dag.py:3239} INFO - Sync 1 DAGs
[2026-02-14T13:20:27.354+0000] {logging_mixin.py:190} INFO - [2026-02-14T13:20:27.353+0000] {dag.py:4180} INFO - Setting next_dagrun for nyc_jobs_pipeline to 2026-02-14 00:00:00+00:00, run_after=2026-02-15 00:00:00+00:00
[2026-02-14T13:20:27.381+0000] {processor.py:208} INFO - Processing /opt/airflow/dags/nyc_jobs_pipeline_dag.py took 1.364 seconds
[2026-02-14T13:20:57.745+0000] {processor.py:186} INFO - Started process (PID=1503) to work on /opt/airflow/dags/nyc_jobs_pipeline_dag.py
[2026-02-14T13:20:57.747+0000] {processor.py:914} INFO - Processing file /opt/airflow/dags/nyc_jobs_pipeline_dag.py for tasks to queue
[2026-02-14T13:20:57.753+0000] {logging_mixin.py:190} INFO - [2026-02-14T13:20:57.752+0000] {dagbag.py:588} INFO - Filling up the DagBag from /opt/airflow/dags/nyc_jobs_pipeline_dag.py
[2026-02-14T13:20:58.719+0000] {processor.py:925} INFO - DAG(s) 'nyc_jobs_pipeline' retrieved from /opt/airflow/dags/nyc_jobs_pipeline_dag.py
[2026-02-14T13:20:58.747+0000] {logging_mixin.py:190} INFO - [2026-02-14T13:20:58.747+0000] {dag.py:3239} INFO - Sync 1 DAGs
[2026-02-14T13:20:58.771+0000] {logging_mixin.py:190} INFO - [2026-02-14T13:20:58.771+0000] {dag.py:4180} INFO - Setting next_dagrun for nyc_jobs_pipeline to 2026-02-14 00:00:00+00:00, run_after=2026-02-15 00:00:00+00:00
[2026-02-14T13:20:58.865+0000] {processor.py:208} INFO - Processing /opt/airflow/dags/nyc_jobs_pipeline_dag.py took 1.128 seconds
[2026-02-14T13:21:29.616+0000] {processor.py:186} INFO - Started process (PID=1514) to work on /opt/airflow/dags/nyc_jobs_pipeline_dag.py
[2026-02-14T13:21:29.618+0000] {processor.py:914} INFO - Processing file /opt/airflow/dags/nyc_jobs_pipeline_dag.py for tasks to queue
[2026-02-14T13:21:29.623+0000] {logging_mixin.py:190} INFO - [2026-02-14T13:21:29.623+0000] {dagbag.py:588} INFO - Filling up the DagBag from /opt/airflow/dags/nyc_jobs_pipeline_dag.py
[2026-02-14T13:21:30.530+0000] {processor.py:925} INFO - DAG(s) 'nyc_jobs_pipeline' retrieved from /opt/airflow/dags/nyc_jobs_pipeline_dag.py
[2026-02-14T13:21:30.551+0000] {logging_mixin.py:190} INFO - [2026-02-14T13:21:30.551+0000] {dag.py:3239} INFO - Sync 1 DAGs
[2026-02-14T13:21:30.586+0000] {logging_mixin.py:190} INFO - [2026-02-14T13:21:30.585+0000] {dag.py:4180} INFO - Setting next_dagrun for nyc_jobs_pipeline to 2026-02-14 00:00:00+00:00, run_after=2026-02-15 00:00:00+00:00
[2026-02-14T13:21:30.615+0000] {processor.py:208} INFO - Processing /opt/airflow/dags/nyc_jobs_pipeline_dag.py took 1.011 seconds
[2026-02-14T13:22:01.039+0000] {processor.py:186} INFO - Started process (PID=1525) to work on /opt/airflow/dags/nyc_jobs_pipeline_dag.py
[2026-02-14T13:22:01.041+0000] {processor.py:914} INFO - Processing file /opt/airflow/dags/nyc_jobs_pipeline_dag.py for tasks to queue
[2026-02-14T13:22:01.045+0000] {logging_mixin.py:190} INFO - [2026-02-14T13:22:01.044+0000] {dagbag.py:588} INFO - Filling up the DagBag from /opt/airflow/dags/nyc_jobs_pipeline_dag.py
[2026-02-14T13:22:01.906+0000] {processor.py:925} INFO - DAG(s) 'nyc_jobs_pipeline' retrieved from /opt/airflow/dags/nyc_jobs_pipeline_dag.py
[2026-02-14T13:22:01.923+0000] {logging_mixin.py:190} INFO - [2026-02-14T13:22:01.923+0000] {dag.py:3239} INFO - Sync 1 DAGs
[2026-02-14T13:22:01.946+0000] {logging_mixin.py:190} INFO - [2026-02-14T13:22:01.946+0000] {dag.py:4180} INFO - Setting next_dagrun for nyc_jobs_pipeline to 2026-02-14 00:00:00+00:00, run_after=2026-02-15 00:00:00+00:00
[2026-02-14T13:22:02.044+0000] {processor.py:208} INFO - Processing /opt/airflow/dags/nyc_jobs_pipeline_dag.py took 1.013 seconds
[2026-02-14T13:22:32.221+0000] {processor.py:186} INFO - Started process (PID=1536) to work on /opt/airflow/dags/nyc_jobs_pipeline_dag.py
[2026-02-14T13:22:32.222+0000] {processor.py:914} INFO - Processing file /opt/airflow/dags/nyc_jobs_pipeline_dag.py for tasks to queue
[2026-02-14T13:22:32.225+0000] {logging_mixin.py:190} INFO - [2026-02-14T13:22:32.225+0000] {dagbag.py:588} INFO - Filling up the DagBag from /opt/airflow/dags/nyc_jobs_pipeline_dag.py
[2026-02-14T13:22:33.158+0000] {processor.py:925} INFO - DAG(s) 'nyc_jobs_pipeline' retrieved from /opt/airflow/dags/nyc_jobs_pipeline_dag.py
[2026-02-14T13:22:33.182+0000] {logging_mixin.py:190} INFO - [2026-02-14T13:22:33.182+0000] {dag.py:3239} INFO - Sync 1 DAGs
[2026-02-14T13:22:33.208+0000] {logging_mixin.py:190} INFO - [2026-02-14T13:22:33.208+0000] {dag.py:4180} INFO - Setting next_dagrun for nyc_jobs_pipeline to 2026-02-14 00:00:00+00:00, run_after=2026-02-15 00:00:00+00:00
[2026-02-14T13:22:33.230+0000] {processor.py:208} INFO - Processing /opt/airflow/dags/nyc_jobs_pipeline_dag.py took 1.015 seconds
[2026-02-14T13:23:03.442+0000] {processor.py:186} INFO - Started process (PID=1547) to work on /opt/airflow/dags/nyc_jobs_pipeline_dag.py
[2026-02-14T13:23:03.444+0000] {processor.py:914} INFO - Processing file /opt/airflow/dags/nyc_jobs_pipeline_dag.py for tasks to queue
[2026-02-14T13:23:03.448+0000] {logging_mixin.py:190} INFO - [2026-02-14T13:23:03.448+0000] {dagbag.py:588} INFO - Filling up the DagBag from /opt/airflow/dags/nyc_jobs_pipeline_dag.py
[2026-02-14T13:23:04.356+0000] {processor.py:925} INFO - DAG(s) 'nyc_jobs_pipeline' retrieved from /opt/airflow/dags/nyc_jobs_pipeline_dag.py
[2026-02-14T13:23:04.370+0000] {logging_mixin.py:190} INFO - [2026-02-14T13:23:04.370+0000] {dag.py:3239} INFO - Sync 1 DAGs
[2026-02-14T13:23:04.389+0000] {logging_mixin.py:190} INFO - [2026-02-14T13:23:04.389+0000] {dag.py:4180} INFO - Setting next_dagrun for nyc_jobs_pipeline to 2026-02-14 00:00:00+00:00, run_after=2026-02-15 00:00:00+00:00
[2026-02-14T13:23:04.491+0000] {processor.py:208} INFO - Processing /opt/airflow/dags/nyc_jobs_pipeline_dag.py took 1.058 seconds
[2026-02-14T13:23:34.602+0000] {processor.py:186} INFO - Started process (PID=1558) to work on /opt/airflow/dags/nyc_jobs_pipeline_dag.py
[2026-02-14T13:23:34.603+0000] {processor.py:914} INFO - Processing file /opt/airflow/dags/nyc_jobs_pipeline_dag.py for tasks to queue
[2026-02-14T13:23:34.606+0000] {logging_mixin.py:190} INFO - [2026-02-14T13:23:34.606+0000] {dagbag.py:588} INFO - Filling up the DagBag from /opt/airflow/dags/nyc_jobs_pipeline_dag.py
[2026-02-14T13:23:35.490+0000] {processor.py:925} INFO - DAG(s) 'nyc_jobs_pipeline' retrieved from /opt/airflow/dags/nyc_jobs_pipeline_dag.py
[2026-02-14T13:23:35.514+0000] {logging_mixin.py:190} INFO - [2026-02-14T13:23:35.513+0000] {dag.py:3239} INFO - Sync 1 DAGs
[2026-02-14T13:23:35.536+0000] {logging_mixin.py:190} INFO - [2026-02-14T13:23:35.536+0000] {dag.py:4180} INFO - Setting next_dagrun for nyc_jobs_pipeline to 2026-02-14 00:00:00+00:00, run_after=2026-02-15 00:00:00+00:00
[2026-02-14T13:23:35.633+0000] {processor.py:208} INFO - Processing /opt/airflow/dags/nyc_jobs_pipeline_dag.py took 1.037 seconds
[2026-02-14T13:24:05.729+0000] {processor.py:186} INFO - Started process (PID=1569) to work on /opt/airflow/dags/nyc_jobs_pipeline_dag.py
[2026-02-14T13:24:05.731+0000] {processor.py:914} INFO - Processing file /opt/airflow/dags/nyc_jobs_pipeline_dag.py for tasks to queue
[2026-02-14T13:24:05.734+0000] {logging_mixin.py:190} INFO - [2026-02-14T13:24:05.733+0000] {dagbag.py:588} INFO - Filling up the DagBag from /opt/airflow/dags/nyc_jobs_pipeline_dag.py
[2026-02-14T13:24:06.615+0000] {processor.py:925} INFO - DAG(s) 'nyc_jobs_pipeline' retrieved from /opt/airflow/dags/nyc_jobs_pipeline_dag.py
[2026-02-14T13:24:06.630+0000] {logging_mixin.py:190} INFO - [2026-02-14T13:24:06.630+0000] {dag.py:3239} INFO - Sync 1 DAGs
[2026-02-14T13:24:06.676+0000] {logging_mixin.py:190} INFO - [2026-02-14T13:24:06.676+0000] {dag.py:4180} INFO - Setting next_dagrun for nyc_jobs_pipeline to 2026-02-14 00:00:00+00:00, run_after=2026-02-15 00:00:00+00:00
[2026-02-14T13:24:06.741+0000] {processor.py:208} INFO - Processing /opt/airflow/dags/nyc_jobs_pipeline_dag.py took 1.019 seconds
[2026-02-14T13:24:36.992+0000] {processor.py:186} INFO - Started process (PID=1580) to work on /opt/airflow/dags/nyc_jobs_pipeline_dag.py
[2026-02-14T13:24:36.994+0000] {processor.py:914} INFO - Processing file /opt/airflow/dags/nyc_jobs_pipeline_dag.py for tasks to queue
[2026-02-14T13:24:36.998+0000] {logging_mixin.py:190} INFO - [2026-02-14T13:24:36.998+0000] {dagbag.py:588} INFO - Filling up the DagBag from /opt/airflow/dags/nyc_jobs_pipeline_dag.py
[2026-02-14T13:24:37.934+0000] {processor.py:925} INFO - DAG(s) 'nyc_jobs_pipeline' retrieved from /opt/airflow/dags/nyc_jobs_pipeline_dag.py
[2026-02-14T13:24:37.957+0000] {logging_mixin.py:190} INFO - [2026-02-14T13:24:37.956+0000] {dag.py:3239} INFO - Sync 1 DAGs
[2026-02-14T13:24:37.985+0000] {logging_mixin.py:190} INFO - [2026-02-14T13:24:37.985+0000] {dag.py:4180} INFO - Setting next_dagrun for nyc_jobs_pipeline to 2026-02-14 00:00:00+00:00, run_after=2026-02-15 00:00:00+00:00
[2026-02-14T13:24:38.062+0000] {processor.py:208} INFO - Processing /opt/airflow/dags/nyc_jobs_pipeline_dag.py took 1.079 seconds
